AddressLine1,AddressLine2,AddressLine3,AddressLine4,BusinessName,BusinessType,BusinessTypeID,ChangesByServerID,Distance,FHRSID,LocalAuthorityBusinessID,LocalAuthorityCode,LocalAuthorityEmailAddress,LocalAuthorityName,LocalAuthorityWebSite,NewRatingPending,Phone,PostCode,RatingDate,RatingKey,RatingValue,RightToReply,SchemeType,geocode,scores
Ground Floor Shop 178 Grove Green Road,,Leytonstone,London,13 Express,Retailers - other,4613,0,,1315149,348636,531,food.safety@walthamforest.gov.uk,Waltham Forest,http://www.walthamforest.gov.uk,False,,E11 4EL,2025-11-11T00:00:00,fhrs_0_en-gb,0,,FHRS,"{'longitude': '0.0005769', 'latitude': '51.5614949'}","{'Hygiene': 25, 'Structural': 25, 'ConfidenceInManagement': 30}"
Sparkbrook,Birmingham,,,17 Clifton Road,Restaurant/Cafe/Canteen,1,0,,1675432,PI/000542554,402,Admin.EH@birmingham.gov.uk,Birmingham,http://www.birmingham.gov.uk/environmental-health,False,,B12 8SX,2025-02-27T00:00:00,fhrs_0_en-gb,0,,FHRS,"{'longitude': None, 'latitude': None}","{'Hygiene': 15, 'Structural': 20, 'ConfidenceInManagement': 20}"
5 Western Road,Southall,,,1Singh's Corner,Restaurant/Cafe/Canteen,1,0,,1073476,CP01386,509,foodsafety@ealing.gov.uk,Ealing,https://www.ealing.gov.uk/info/201150/food_hygiene_and_safety,False,,UB2 5HA,2026-03-24T00:00:00,fhrs_0_en-gb,0,,FHRS,"{'longitude': '-0.3834983', 'latitude': '51.5007898'}","{'Hygiene': 20, 'Structural': 20, 'ConfidenceInManagement': 30}"
Erdington,Birmingham,,,210 High Street,Retailers - other,4613,0,,1793292,PI/500341628,402,Admin.EH@birmingham.gov.uk,Birmingham,http://www.birmingham.gov.uk/environmental-health,False,,B23 6SJ,2026-03-02T00:00:00,fhrs_0_en-gb,0,,FHRS,"{'longitude': None, 'latitude': None}","{'Hygiene': 20, 'Structural': 20, 'ConfidenceInManagement': 30}"
The Hare And Hounds Public House 278 Lea Bridge Road,,Leyton,London,4Chi Food Fusion/4Chi Soul Food at The Hare & Hounds,Takeaway/sandwich shop,7844,0,,1933822,9102923,531,food.safety@walthamforest.gov.uk,Waltham Forest,http://www.walthamforest.gov.uk,False,,E10 7LD,2026-06-13T00:00:00,fhrs_0_en-gb,0,,FHRS,"{'longitude': '-0.0287704', 'latitude': '51.568799'}","{'Hygiene': 25, 'Structural': 25, 'ConfidenceInManagement': 30}"
,Toulmin Block Stall 16,Bury Market,1 Murray Road,80’s Street Food,Takeaway/sandwich shop,7844,0,,1658992,34150,405,Commercial@bury.gov.uk,Bury,http://www.bury.gov.uk,False,,BL9 0BJ,2026-07-29T00:00:00,fhrs_0_en-gb,0,,FHRS,"{'longitude': '-2.2937149', 'latitude': '53.5918965'}","{'Hygiene': 15, 'Structural': 20, 'ConfidenceInManagement': 30}"
Unit 55 To 56,Market Village,70 - 73 The Mall,Stratford,A & A Halal Meat And Groceries,Retailers - other,4613,0,,1552695,22/01235/FOOD,525,food@newham.gov.uk,Newham,https://www.newham.gov.uk,False,,E15 1XQ,2026-01-22T00:00:00,fhrs_0_en-gb,0,,FHRS,"{'longitude': '0.001378', 'latitude': '51.5419491'}","{'Hygiene': 10, 'Structural': 15, 'ConfidenceInManagement': 30}"
Ground Floor And First Floor,52 George Street,Manchester,,A Plus Oriental Restaurant,Restaurant/Cafe/Canteen,1,0,,1820078,AC-072024-014815,415,envhealth@manchester.gov.uk,Manchester,http://www.manchester.gov.uk,False,,M1 4HF,2026-04-17T00:00:00,fhrs_0_en-gb,0,,FHRS,"{'longitude': '-2.2405598', 'latitude': '53.4790466'}","{'Hygiene': 15, 'Structural': 20, 'ConfidenceInManagement': 20}"
167  Hagley Road,Ladywood,Birmingham,,A Taste Of Persia ( Shiraz),Restaurant/Cafe/Canteen,1,0,,976092,PI/000536416,402,Admin.EH@birmingham.gov.uk,Birmingham,http://www.birmingham.gov.uk/environmental-health,False,,B16 8UQ,2026-06-30T00:00:00,fhrs_0_en-gb,0,,FHRS,"{'longitude': '-1.9307743', 'latitude': '52.4722435'}","{'Hygiene': 20, 'Structural': 20, 'ConfidenceInManagement': 20}"
,130 Ashton Road,Oldham,,A1 Sweet Centre,Takeaway/sandwich shop,7844,0,,318289,47400,418,FHRS@oldham.gov.uk,Oldham,https://www.oldham.gov.uk,False,,OL8 1QT,2026-03-12T00:00:00,fhrs_0_en-gb,0,,FHRS,"{'longitude': '-2.1140877', 'latitude': '53.5315921'}","{'Hygiene': 15, 'Structural': 20, 'ConfidenceInManagement': 20}"
Unit 6 6 Argall Avenue,,Leyton,London,A2A Services Ltd,Other catering premises,7841,0,,621696,65161,531,food.safety@walthamforest.gov.uk,Waltham Forest,http://www.walthamforest.gov.uk,False,,E10 7QE,2025-06-26T00:00:00,fhrs_0_en-gb,0,,FHRS,"{'longitude': '-0.0407378', 'latitude': '51.5720567'}","{'Hygiene': None, 'Structural': None, 'ConfidenceInManagement': None}"
,34 Bell Road,Hounslow,,AAQA Charcoal Grill,Takeaway/sandwich shop,7844,0,,490046,127484,518,foodsafety@hounslow.gov.uk,Hounslow,http://www.hounslow.gov.uk,False,,TW3 3PB,2026-05-25T00:00:00,fhrs_0_en-gb,0,,FHRS,"{'longitude': '-0.364886', 'latitude': '51.466728'}","{'Hygiene': 20, 'Structural': 15, 'ConfidenceInManagement': 20}"
Unit 26,87 Ealing Road,Wembley,,Aashish / Chinese King (Unit 26),Restaurant/Cafe/Canteen,1,0,,1436665,102607,504,ens.foodsafety@brent.gov.uk,Brent,http://www.brent.gov.uk/,False,,HA0 4BD,2025-12-01T00:00:00,fhrs_0_en-gb,0,,FHRS,"{'longitude': '-0.2972377', 'latitude': '51.5467528'}","{'Hygiene': 20, 'Structural': 20, 'ConfidenceInManagement': 20}"
,24 Neal Street,,London,AB COPAINS UK LTD,Restaurant/Cafe/Canteen,1,0,,1899825,206837,506,foodsafety@camden.gov.uk,Camden,http://www.camden.gov.uk,True,,WC2H 9PJ,2026-01-07T00:00:00,fhrs_0_en-gb,0,,FHRS,"{'longitude': '-0.1250829', 'latitude': '51.514044'}","{'Hygiene': 20, 'Structural': 20, 'ConfidenceInManagement': 20}"
233 The Broadway,Southall,,,Abi Fast Food,Takeaway/sandwich shop,7844,0,,1931573,CP05919,509,foodsafety@ealing.gov.uk,Ealing,https://www.ealing.gov.uk/info/201150/food_hygiene_and_safety,False,,UB1 1ND,2026-01-28T00:00:00,fhrs_0_en-gb,0,,FHRS,"{'longitude': '-0.387609', 'latitude': '51.512635'}","{'Hygiene': 15, 'Structural': 20, 'ConfidenceInManagement': 30}"
34 Hillcrest,Runcorn,Halton Brook,,ABI mini mart,Retailers - other,4613,0,,1390551,89402,889,FSA_Enforcement@halton.gov.uk,Halton,http://www.halton.gov.uk,False,,WA7 2DY,2025-10-10T00:00:00,fhrs_0_en-gb,0,,FHRS,"{'longitude': '-2.70847797393799', 'latitude': '53.3332710266113'}","{'Hygiene': 20, 'Structural': 15, 'ConfidenceInManagement': 30}"
41 Warwick Street,,Liverpool,,Abi Mini Mart,Retailers - other,4613,0,,1844659,99688,414,environmental.health@liverpool.gov.uk,Liverpool,http://www.liverpool.gov.uk,False,,L8 6TG,2026-07-13T00:00:00,fhrs_0_en-gb,0,,FHRS,"{'longitude': '-2.9764253', 'latitude': '53.3899408'}","{'Hygiene': 25, 'Structural': 25, 'ConfidenceInManagement': 30}"
70 Broadway,Adamsdown,Cardiff,,Abikem Superstores,Retailers - other,4613,0,,1860099,798813,556,FoodSafetyCardiff-SRSWales@valeofglamorgan.gov.uk,Cardiff,https://www.srs.wales/en/Environmental-Health/Food-Hygiene-Standards/Food.aspx,False,,CF24 1NH,2025-10-27T00:00:00,fhrs_0_cy-gb,0,,FHRS,"{'longitude': '-3.15575', 'latitude': '51.4878677'}","{'Hygiene': 15, 'Structural': 20, 'ConfidenceInManagement': 20}"
,,,,ABN Foods,Retailers - other,4613,0,,1797779,141019,516,environmental.health@havering.gov.uk,Havering,http://www.havering.gov.uk,False,,RM11,2026-07-30T00:00:00,fhrs_0_en-gb,0,,FHRS,"{'longitude': None, 'latitude': None}","{'Hygiene': 20, 'Structural': 15, 'ConfidenceInManagement': 20}"
50 Revesby Walk,Birmingham,,,Abshir Halal Meat,Retailers - other,4613,0,,1180203,PI/000657061,402,Admin.EH@birmingham.gov.uk,Birmingham,http://www.birmingham.gov.uk/environmental-health,False,,B7 4LG,2024-06-10T00:00:00,fhrs_0_en-gb,0,,FHRS,"{'longitude': '-1.8757046', 'latitude': '52.4870048'}","{'Hygiene': 15, 'Structural': 20, 'ConfidenceInManagement': 20}"
Unit 10 Lockwood Way,,Walthamstow,London,Acme Tacos at 40ft Brewery Blackhorse,Restaurant/Cafe/Canteen,1,0,,1930029,9102908,531,food.safety@walthamforest.gov.uk,Waltham Forest,http://www.walthamforest.gov.uk,False,,E17 5RB,2026-06-27T00:00:00,fhrs_0_en-gb,0,,FHRS,"{'longitude': '-0.0415341', 'latitude': '51.595855'}","{'Hygiene': 15, 'Structural': 25, 'ConfidenceInManagement': 30}"
10 King Avenue,New Rossington,Doncaster,,Addu's Indian Restaurant,Restaurant/Cafe/Canteen,1,0,,1762749,PI/000221681,408,food.safety@doncaster.gov.uk,Doncaster,http://www.doncaster.gov.uk,False,,DN11 0PG,2026-07-13T00:00:00,fhrs_0_en-gb,0,,FHRS,"{'longitude': '-1.08072', 'latitude': '53.47885'}","{'Hygiene': 25, 'Structural': 20, 'ConfidenceInManagement': 30}"
UNITS 5 AND 11 THE VILLAGE 102-110 HIGH STREET,,SLOUGH,,Adom soul of Africa,Retailers - other,4613,0,,1928188,200522,885,foodandsafety@slough.gov.uk,Slough,http://www.slough.gov.uk,False,,SL1 1HL,2026-06-04T00:00:00,fhrs_0_en-gb,0,,FHRS,"{'longitude': '-0.5944638', 'latitude': '51.5090024'}","{'Hygiene': 20, 'Structural': 10, 'ConfidenceInManagement': 30}"
,8 Russell Grove,Henleaze,Bristol,Afista Barista,Mobile caterer,7846,0,,1569333,259532,855,food.safety@bristol.gov.uk,Bristol,http://www.bristol.gov.uk,False,,BS6 7UE,2026-07-02T00:00:00,fhrs_0_en-gb,0,,FHRS,"{'longitude': '-2.6057087', 'latitude': '51.481702'}","{'Hygiene': None, 'Structural': None, 'ConfidenceInManagement': None}"
112 High Street,Erdington,Birmingham,,African & Caribbean Hut,Other catering premises,7841,0,,1692354,PI/000693395,402,Admin.EH@birmingham.gov.uk,Birmingham,http://www.birmingham.gov.uk/environmental-health,False,,B23 6RS,2025-08-05T00:00:00,fhrs_0_en-gb,0,,FHRS,"{'longitude': '-1.8378599', 'latitude': '52.524352'}","{'Hygiene': 20, 'Structural': 20, 'ConfidenceInManagement': 30}"
36 Abington Square,Northampton,NN1 4AA,,Afro Choice,Retailers - other,4613,0,,648851,PI/000082222,236,contactus@westnorthants.gov.uk,West Northamptonshire,https://www.westnorthants.gov.uk,False,,NN1 4AA,2026-04-24T00:00:00,fhrs_0_en-gb,0,,FHRS,"{'longitude': '-0.88833', 'latitude': '52.239908'}","{'Hygiene': 15, 'Structural': 20, 'ConfidenceInManagement': 20}"
244A School Road,Billesley,Birmingham,,AJs Convenience Store,Retailers - other,4613,0,,1430423,PI/000237849,402,Admin.EH@birmingham.gov.uk,Birmingham,http://www.birmingham.gov.uk/environmental-health,False,,B14 4HA,2025-12-04T00:00:00,fhrs_0_en-gb,0,,FHRS,"{'longitude': '-1.8611227', 'latitude': '52.4169383'}","{'Hygiene': 15, 'Structural': 20, 'ConfidenceInManagement': 20}"
235 Plashet Road,Plaistow,London,,Akshar Mini Market Ltd,Retailers - other,4613,0,,1685470,23/00719/FOOD,525,food@newham.gov.uk,Newham,https://www.newham.gov.uk,False,,E13 0QU,2025-12-18T00:00:00,fhrs_0_en-gb,0,,FHRS,"{'longitude': '0.032907', 'latitude': '51.537772'}","{'Hygiene': 0, 'Structural': 15, 'ConfidenceInManagement': 30}"
Flat 1,49-51 Featherstall Road North,Oldham,,Al Amin Superstore,Retailers - other,4613,0,,44043,1071,418,FHRS@oldham.gov.uk,Oldham,https://www.oldham.gov.uk,False,,OL9 6QB,2025-12-06T00:00:00,fhrs_0_en-gb,0,,FHRS,"{'longitude': '-2.12877893447876', 'latitude': '53.5446739196777'}","{'Hygiene': 15, 'Structural': 15, 'ConfidenceInManagement': 30}"
11 Grand Parade,Forty Avenue,Wembley,,Al Basrah,Takeaway/sandwich shop,7844,0,,531715,10175,504,ens.foodsafety@brent.gov.uk,Brent,http://www.brent.gov.uk/,False,,HA9 9JS,2026-06-29T00:00:00,fhrs_0_en-gb,0,,FHRS,"{'longitude': '-0.27798', 'latitude': '51.56575'}","{'Hygiene': 15, 'Structural': 20, 'ConfidenceInManagement': 30}"
,134 Chorley Old Road,Bolton,,Al Halal Butchers & Groceries,Retailers - other,4613,0,,1525278,161396,403,environmental.health@bolton.gov.uk,Bolton,http://www.bolton.gov.uk,False,,BL1 3AT,2026-05-01T00:00:00,fhrs_0_en-gb,0,,FHRS,"{'longitude': '-2.446063', 'latitude': '53.584332'}","{'Hygiene': 20, 'Structural': 15, 'ConfidenceInManagement': 30}"
195 High Road,London,,,Al Koofa Mini Market (Koofa Limited),Retailers - supermarkets/hypermarkets,7840,0,,531973,12788,504,ens.foodsafety@brent.gov.uk,Brent,http://www.brent.gov.uk/,False,,NW10 2SB,2026-03-31T00:00:00,fhrs_0_en-gb,0,,FHRS,"{'longitude': '-0.235089', 'latitude': '51.547371'}","{'Hygiene': 20, 'Structural': 25, 'ConfidenceInManagement': 20}"
241 Alum Rock Road,Birmingham,,,Al Madina Grocery & Meat Centre,Retailers - other,4613,0,,1938876,PI/000707779,402,Admin.EH@birmingham.gov.uk,Birmingham,http://www.birmingham.gov.uk/environmental-health,False,,B8 3BJ,2026-04-21T00:00:00,fhrs_0_en-gb,0,,FHRS,"{'longitude': '-1.848608', 'latitude': '52.488208'}","{'Hygiene': 25, 'Structural': 25, 'ConfidenceInManagement': 30}"
,80 Queen's Crescent,,London,Al Madina Supermarket,Retailers - other,4613,0,,1487632,200971,506,foodsafety@camden.gov.uk,Camden,http://www.camden.gov.uk,False,,NW5 4EB,2024-08-20T00:00:00,fhrs_0_en-gb,0,,FHRS,"{'longitude': '-0.1517534', 'latitude': '51.5496598'}","{'Hygiene': 10, 'Structural': 5, 'ConfidenceInManagement': 30}"
,212 Claremont Road,Manchester,,Al-Ghurabi Cafe,Restaurant/Cafe/Canteen,1,0,,1817722,AC-072024-006536,415,envhealth@manchester.gov.uk,Manchester,http://www.manchester.gov.uk,False,,M14 4TS,2025-07-09T00:00:00,fhrs_0_en-gb,0,,FHRS,"{'longitude': '-2.238503', 'latitude': '53.453192'}","{'Hygiene': 10, 'Structural': 10, 'ConfidenceInManagement': 30}"
GROUND FLOOR EXCLUDING FRONT RIGHT 348 HARROW ROAD,,LONDON,,Al-Khalil supermarket,Retailers - other,4613,0,,568269,00530/0348/0/001,533,foodsafety@westminster.gov.uk,Westminster,http://www.westminster.gov.uk/,False,,W9 2HP,2026-01-14T00:00:00,fhrs_0_en-gb,0,,FHRS,"{'longitude': '-0.1940343', 'latitude': '51.5229536'}","{'Hygiene': 15, 'Structural': 20, 'ConfidenceInManagement': 20}"
Alfredos Restaurant Lancaster Square,,Conwy,,Alfredos Italian,Restaurant/Cafe/Canteen,1,0,,201634,12327,550,foodsafety-healthandsafety@conwy.gov.uk,Conwy,http://www.conwy.gov.uk,False,,LL32 8DA,2026-07-17T00:00:00,fhrs_0_cy-gb,0,,FHRS,"{'longitude': None, 'latitude': None}","{'Hygiene': 15, 'Structural': 20, 'ConfidenceInManagement': 20}"
300 Slade Road,Stockland Green,Birmingham,,Ali Sweets and Spices,Takeaway/sandwich shop,7844,0,,1823861,PI/000701257,402,Admin.EH@birmingham.gov.uk,Birmingham,http://www.birmingham.gov.uk/environmental-health,False,,B23 7LU,2026-07-06T00:00:00,fhrs_0_en-gb,0,,FHRS,"{'longitude': '-1.856816', 'latitude': '52.51838'}","{'Hygiene': 15, 'Structural': 20, 'ConfidenceInManagement': 30}"
 24 Market Place,Tipton,,,Ali's Kitchen,Takeaway/sandwich shop,7844,0,,142897,79967,423,ehts_enquiries@sandwell.gov.uk,Sandwell,http://www.sandwell.gov.uk/foodratings,False,,DY4 7EL,2026-03-25T00:00:00,fhrs_0_en-gb,0,,FHRS,"{'longitude': '-2.035491', 'latitude': '52.5301089'}","{'Hygiene': 15, 'Structural': 25, 'ConfidenceInManagement': 30}"
Stall 123 Indoor Market,50 Edgbaston Street,Birmingham,,Ali-Ali Fresh Fish and Shellfish,Retailers - other,4613,0,,1712114,PI/000695117,402,Admin.EH@birmingham.gov.uk,Birmingham,http://www.birmingham.gov.uk/environmental-health,False,,B5 4RQ,2026-06-18T00:00:00,fhrs_0_en-gb,0,,FHRS,"{'longitude': '-1.895105', 'latitude': '52.476123'}","{'Hygiene': 15, 'Structural': 20, 'ConfidenceInManagement': 20}"
,17a Judy Row,,Monk Bretton,Alice's Cafe,Restaurant/Cafe/Canteen,1,0,,398325,69086,401,food@barnsley.gov.uk,Barnsley,http://www.barnsley.gov.uk,False,,S71 2EJ,2026-04-20T00:00:00,fhrs_0_en-gb,0,,FHRS,"{'longitude': '-1.453665', 'latitude': '53.56703'}","{'Hygiene': 20, 'Structural': 25, 'ConfidenceInManagement': 30}"
11 Tarbock Road,Huyton,Knowsley,,All In One,Retailers - other,4613,0,,1809446,25/00033/MIXED,412,environmentalhealth@knowsley.gov.uk,Knowsley,http://www.knowsley.gov.uk,False,,L36 5XN,2026-05-14T00:00:00,fhrs_0_en-gb,0,,FHRS,"{'longitude': '-2.8469882', 'latitude': '53.4080878'}","{'Hygiene': 25, 'Structural': 20, 'ConfidenceInManagement': 20}"
247 - 249 Allenby Road,Southall,,,Allenby News,Retailers - other,4613,0,,1592735,CP03917,509,foodsafety@ealing.gov.uk,Ealing,https://www.ealing.gov.uk/info/201150/food_hygiene_and_safety,False,,UB1 2HB,2026-05-11T00:00:00,fhrs_0_en-gb,0,,FHRS,"{'longitude': '-0.3644661', 'latitude': '51.5244996'}","{'Hygiene': 15, 'Structural': 15, 'ConfidenceInManagement': 30}"
18 GREENCOAT ROW,,LONDON,,Aloo Tama,Restaurant/Cafe/Canteen,1,0,,1378656,21/00368/COMM,533,foodsafety@westminster.gov.uk,Westminster,http://www.westminster.gov.uk/,False,,SW1P 1PG,2026-07-15T00:00:00,fhrs_0_en-gb,0,,FHRS,"{'longitude': '-0.1368589', 'latitude': '51.495522'}","{'Hygiene': 15, 'Structural': 15, 'ConfidenceInManagement': 30}"
168 Stratford Road,Sparkbrook,Birmingham,,Altibian Supermarket,Retailers - supermarkets/hypermarkets,7840,0,,1833779,PI/000700859,402,Admin.EH@birmingham.gov.uk,Birmingham,http://www.birmingham.gov.uk/environmental-health,False,,B11 1AG,2026-01-14T00:00:00,fhrs_0_en-gb,0,,FHRS,"{'longitude': '-1.876392', 'latitude': '52.463842'}","{'Hygiene': 15, 'Structural': 20, 'ConfidenceInManagement': 20}"
Amaan 7 Supermarket,31 Hall Street,Dudley,,AMAAN 7 SUPERMARKET LTD,Retailers - other,4613,0,,1932215,FR/202600133,409,,Dudley,http://www.dudley.gov.uk,False,,DY2 7BS,2026-03-31T00:00:00,fhrs_0_en-gb,0,,FHRS,"{'longitude': '-2.0792428', 'latitude': '52.50971'}","{'Hygiene': 15, 'Structural': 20, 'ConfidenceInManagement': 20}"
,216 Normanton Road,Derby,,Amal.Al.Sham,Retailers - other,4613,0,,1731181,156073,871,environmental.services@derby.gov.uk,Derby City,http://www.derby.gov.uk,False,,DE23 6WA,2026-07-14T00:00:00,fhrs_0_en-gb,0,,FHRS,"{'longitude': '-1.47713601589203', 'latitude': '52.9119682312012'}","{'Hygiene': 20, 'Structural': 15, 'ConfidenceInManagement': 20}"
Arch 278-282 Lansdowne Road,,Leytonstone,London,Amanah Caterers,Other catering premises,7841,0,,1751656,351327,531,food.safety@walthamforest.gov.uk,Waltham Forest,http://www.walthamforest.gov.uk,False,,E11 3EY,2026-03-23T00:00:00,fhrs_0_en-gb,0,,FHRS,"{'longitude': '0.0118', 'latitude': '51.5614'}","{'Hygiene': 10, 'Structural': 20, 'ConfidenceInManagement': 30}"
490 Hoe Street,,Walthamstow,London,Ambala,Retailers - other,4613,0,,1008560,341762,531,food.safety@walthamforest.gov.uk,Waltham Forest,http://www.walthamforest.gov.uk,False,,E17 9AH,2026-03-14T00:00:00,fhrs_0_en-gb,0,,FHRS,"{'longitude': '-0.013828', 'latitude': '51.5755883'}","{'Hygiene': 10, 'Structural': 25, 'ConfidenceInManagement': 30}"
153 - 155 High Street,,Walthamstow,London,Ambrosia Supermarket,Retailers - other,4613,0,,515068,5881,531,food.safety@walthamforest.gov.uk,Waltham Forest,http://www.walthamforest.gov.uk,False,,E17 7BX,2026-04-16T00:00:00,fhrs_0_en-gb,0,,FHRS,"{'longitude': '-0.0261224', 'latitude': '51.5836372'}","{'Hygiene': 25, 'Structural': 25, 'ConfidenceInManagement': 30}"
Danley Marshes Equestrian Centre,Drove Road,Minster-on-sea,Kent,"0,10,20Halfway Petting Farm & Danley Marshes Riding Centre",Mobile caterer,7846,0,,1678927,PI/000069665/SW,189,EHAdmin@MidKent.gov.uk,Swale,http://www.swale.gov.uk,False,,ME12 8XX,2025-10-28T00:00:00,fhrs_1_en-gb,1,,FHRS,"{'longitude': '0.7813034', 'latitude': '51.4289527'}","{'Hygiene': 15, 'Structural': 10, 'ConfidenceInManagement': 20}"
584 Green Lane,Bordesley Green,Birmingham,,1 UK FRIED CHICKEN and PIZZA,Restaurant/Cafe/Canteen,1,0,,1802023,PI/000700612,402,Admin.EH@birmingham.gov.uk,Birmingham,http://www.birmingham.gov.uk/environmental-health,False,,B9 5QG,2026-06-08T00:00:00,fhrs_1_en-gb,1,,FHRS,"{'longitude': '-1.8419907', 'latitude': '52.47597'}","{'Hygiene': 15, 'Structural': 15, 'ConfidenceInManagement': 20}"
,100-102 HOXTON STREET,Hackney,London,100 Hoxton,Restaurant/Cafe/Canteen,1,0,,470180,33623,512,technicalbusinesssupport@hackney.gov.uk,Hackney,https://hackney.gov.uk/environmental-health#food,False,,N1 6SG,2025-02-20T00:00:00,fhrs_1_en-gb,1,,FHRS,"{'longitude': '-0.0799864', 'latitude': '51.5310251'}","{'Hygiene': 15, 'Structural': 15, 'ConfidenceInManagement': 20}"
768 Stratford Road,Springfield,Birmingham,,100% HALAL MEAT STORES LTD,Retailers - other,4613,0,,1716300,PI/000695168,402,Admin.EH@birmingham.gov.uk,Birmingham,http://www.birmingham.gov.uk/environmental-health,True,,B11 4BP,2025-09-24T00:00:00,fhrs_1_en-gb,1,,FHRS,"{'longitude': '-1.859799', 'latitude': '52.446571'}","{'Hygiene': 10, 'Structural': 10, 'ConfidenceInManagement': 20}"
75 Darkes Lane,Potters Bar,Hertfordshire,,101 Food Centre,Retailers - supermarkets/hypermarkets,7840,0,,1857406,25/00112/COM,158,environmental.health@hertsmere.gov.uk,Hertsmere,http://www.hertsmere.gov.uk,False,,EN6 1BW,2025-07-23T00:00:00,fhrs_1_en-gb,1,,FHRS,"{'longitude': '-0.1905418', 'latitude': '51.6981442'}","{'Hygiene': 15, 'Structural': 15, 'ConfidenceInManagement': 20}"
116 Wellingborough Road,Northampton,NN1 4DR,,116 Lounge & Bar,Mobile caterer,7846,0,,1774920,PI/000101474,236,contactus@westnorthants.gov.uk,West Northamptonshire,https://www.westnorthants.gov.uk,False,,NN1 4DR,2025-05-12T00:00:00,fhrs_1_en-gb,1,,FHRS,"{'longitude': '-0.8834561', 'latitude': '52.2410189'}","{'Hygiene': 10, 'Structural': 15, 'ConfidenceInManagement': 20}"
127 Dulwich Road,London,,,127 Bar And Restaurant,Restaurant/Cafe/Canteen,1,0,,484073,23000/0127/2/000,522,foodhealthandsafety@lambeth.gov.uk,Lambeth,http://www.lambeth.gov.uk,False,,SE24 0NG,2026-03-11T00:00:00,fhrs_1_en-gb,1,,FHRS,"{'longitude': '-0.103028', 'latitude': '51.452786'}","{'Hygiene': 10, 'Structural': 5, 'ConfidenceInManagement': 20}"
,1189 High Road,,Chadwell Heath,1Stop Treatz,Restaurant/Cafe/Canteen,1,0,,1801461,203124,526,themis.skouros@redbridge.gov.uk,Redbridge,http://www.redbridge.gov.uk/,False,,RM6 4AL,2025-08-19T00:00:00,fhrs_1_en-gb,1,,FHRS,"{'longitude': '0.1287154', 'latitude': '51.5706059'}","{'Hygiene': 15, 'Structural': 15, 'ConfidenceInManagement': 20}"
154 High Street,,Walthamstow,London,2020 Cafe & Restaurant,Restaurant/Cafe/Canteen,1,0,,1714258,351070,531,food.safety@walthamforest.gov.uk,Waltham Forest,http://www.walthamforest.gov.uk,False,,E17 7JS,2025-02-25T00:00:00,fhrs_1_en-gb,1,,FHRS,"{'longitude': '-0.0248616', 'latitude': '51.5837508'}","{'Hygiene': 5, 'Structural': 5, 'ConfidenceInManagement': 20}"
,1 Wigan Road,Bolton,,24 Karat Chippy & Grill Ltd,Takeaway/sandwich shop,7844,0,,797993,157052,403,environmental.health@bolton.gov.uk,Bolton,http://www.bolton.gov.uk,False,,BL3 5PX,2025-09-25T00:00:00,fhrs_1_en-gb,1,,FHRS,"{'longitude': '-2.452364', 'latitude': '53.570502'}","{'Hygiene': 15, 'Structural': 15, 'ConfidenceInManagement': 20}"
137 Bordesley Green,Nechells,Birmingham,,24/7 Toor Super Store Limited,Retailers - supermarkets/hypermarkets,7840,0,,1661505,PI/000254346,402,Admin.EH@birmingham.gov.uk,Birmingham,http://www.birmingham.gov.uk/environmental-health,False,,B9 5EG,2026-07-02T00:00:00,fhrs_1_en-gb,1,,FHRS,"{'longitude': '-1.855243', 'latitude': '52.476781'}","{'Hygiene': 10, 'Structural': 10, 'ConfidenceInManagement': 20}"
698 Stratford Road,Springfield,Birmingham,,24SevenGrocery,Retailers - other,4613,0,,1748598,PI/000697979,402,Admin.EH@birmingham.gov.uk,Birmingham,http://www.birmingham.gov.uk/environmental-health,False,,B11 4AT,2025-05-08T00:00:00,fhrs_1_en-gb,1,,FHRS,"{'longitude': '-1.8607162', 'latitude': '52.4482862'}","{'Hygiene': 10, 'Structural': 10, 'ConfidenceInManagement': 20}"
,155-157 Highgate Road,,London,312 Natural,Retailers - other,4613,0,,1968629,207584,506,foodsafety@camden.gov.uk,Camden,http://www.camden.gov.uk,False,,NW5 1LJ,2026-06-30T00:00:00,fhrs_1_en-gb,1,,FHRS,"{'longitude': '-0.1466621', 'latitude': '51.5563959'}","{'Hygiene': 10, 'Structural': 15, 'ConfidenceInManagement': 20}"
176 Brompton Road,LONDON,,,360 Lounge,Restaurant/Cafe/Canteen,1,0,,1723780,INSPF/24/338620,520,food.hygiene@rbkc.gov.uk,Kensington and Chelsea,http://www.rbkc.gov.uk,False,,SW3 1HQ,2026-03-30T00:00:00,fhrs_1_en-gb,1,,FHRS,"{'longitude': '-0.1672145', 'latitude': '51.4980146'}","{'Hygiene': 10, 'Structural': 5, 'ConfidenceInManagement': 20}"
,8 Market Place,Heywood,Lancashire,360 Market,Retailers - other,4613,0,,1829648,10004,419,environmental.health2@rochdale.gov.uk,Rochdale,http://www.rochdale.gov.uk,False,,OL10 4NL,2025-11-05T00:00:00,fhrs_1_en-gb,1,,FHRS,"{'longitude': '-2.2193948', 'latitude': '53.5936621'}","{'Hygiene': 15, 'Structural': 15, 'ConfidenceInManagement': 20}"
318 Northfield Avenue,Ealing,,,369 Cafe,Restaurant/Cafe/Canteen,1,0,,1858439,CP05590,509,foodsafety@ealing.gov.uk,Ealing,https://www.ealing.gov.uk/info/201150/food_hygiene_and_safety,False,,W5 4UB,2025-09-09T00:00:00,fhrs_1_en-gb,1,,FHRS,"{'longitude': '-0.3131458', 'latitude': '51.4972362'}","{'Hygiene': 10, 'Structural': 15, 'ConfidenceInManagement': 20}"
,28 Dunraven Street,Glyncorrwg,Neath Port Talbot,3S Convenience Store,Retailers - other,4613,0,,1540235,519409,563,food@npt.gov.uk,Neath Port Talbot,http://www.npt.gov.uk,False,,SA13 3AD,2026-02-19T00:00:00,fhrs_1_cy-gb,1,,FHRS,"{'longitude': '-3.6282142', 'latitude': '51.6793065'}","{'Hygiene': 15, 'Structural': 15, 'ConfidenceInManagement': 20}"
,14 James Street,New Tredegar,,3S Convenience Stores,Retailers - other,4613,0,,1243225,158779,555,FoodHealthSafety@CAERPHILLY.GOV.UK,Caerphilly,http://www.caerphilly.gov.uk,False,,NP24 6EN,2025-05-29T00:00:00,fhrs_1_cy-gb,1,,FHRS,"{'longitude': '-3.2424', 'latitude': '51.721009'}","{'Hygiene': 5, 'Structural': 15, 'ConfidenceInManagement': 20}"
,115 Radcliffe Road,Bury,,4 Brothers,Takeaway/sandwich shop,7844,0,,1857765,35305,405,Commercial@bury.gov.uk,Bury,http://www.bury.gov.uk,False,,BL9 9LD,2025-12-08T00:00:00,fhrs_1_en-gb,1,,FHRS,"{'longitude': '-2.30311107635498', 'latitude': '53.5806274414063'}","{'Hygiene': 15, 'Structural': 15, 'ConfidenceInManagement': 20}"
Unit G3,Newington Industrial Estate,London Road,Newington,4 Continents Stores Ltd,Retailers - other,4613,0,,1640031,23/500371/MIXED,189,EHAdmin@MidKent.gov.uk,Swale,http://www.swale.gov.uk,False,,ME9 7NU,2025-07-04T00:00:00,fhrs_1_en-gb,1,,FHRS,"{'longitude': '0.6546051', 'latitude': '51.352972'}","{'Hygiene': 15, 'Structural': 15, 'ConfidenceInManagement': 20}"
,,,,400 Degrees Pizza,Mobile caterer,7846,0,,1772447,24/00845/FOOD,148,enquiries@worcsregservices.gov.uk,Malvern Hills,https://www.worcsregservices.gov.uk,False,,WR14,2026-04-24T00:00:00,fhrs_1_en-gb,1,,FHRS,"{'longitude': None, 'latitude': None}","{'Hygiene': 5, 'Structural': 15, 'ConfidenceInManagement': 20}"
North Bar Within,Beverley,East Riding Of Yorkshire,,42nd East Bakehouse,Retailers - other,4613,0,,1277191,87510,863,food.services@eastriding.gov.uk,East Riding of Yorkshire,http://www.eastriding.gov.uk,False,,HU17 8DG,2026-03-16T00:00:00,fhrs_1_en-gb,1,,FHRS,"{'longitude': '-0.435501', 'latitude': '53.844422'}","{'Hygiene': 15, 'Structural': 15, 'ConfidenceInManagement': 20}"
St Nicholas School,Reedham Drive,Purley,,4Every Child,Caring Premises,5,0,,1909726,26/00042/COMM,507,food.safety@croydon.gov.uk,Croydon,http://www.croydon.gov.uk,False,,CR8 4DS,2026-07-07T00:00:00,fhrs_1_en-gb,1,,FHRS,"{'longitude': '-0.11922000348568', 'latitude': '51.3290748596191'}","{'Hygiene': 10, 'Structural': 5, 'ConfidenceInManagement': 20}"
55A Field Road,Forest Gate,London,,5 Brothers,Retailers - other,4613,0,,1875165,25/00690/FOOD,525,food@newham.gov.uk,Newham,https://www.newham.gov.uk,False,,E7 9DW,2025-09-26T00:00:00,fhrs_1_en-gb,1,,FHRS,"{'longitude': '0.019987', 'latitude': '51.550162'}","{'Hygiene': 0, 'Structural': 10, 'ConfidenceInManagement': 20}"
,19 Holyrood Street,Chard,Somerset,5 Senses Place Ltd,Other catering premises,7841,0,,1470103,69258,281,somersetenquiries@somerset.gov.uk,Somerset,http://www.somerset.gov.uk,False,,TA20 2AJ,2026-02-04T00:00:00,fhrs_1_en-gb,1,,FHRS,"{'longitude': '-2.965325', 'latitude': '50.871202'}","{'Hygiene': 15, 'Structural': 10, 'ConfidenceInManagement': 20}"
,18 Milbank Terrace,Redcar,,64 Golden Aroma,Takeaway/sandwich shop,7844,0,,1930799,79818,860,food_team@redcar-cleveland.gov.uk,Redcar and Cleveland,http://www.redcar-cleveland.gov.uk,False,,TS10 1ED,2026-05-19T00:00:00,fhrs_1_en-gb,1,,FHRS,"{'longitude': '-1.069356', 'latitude': '54.618074'}","{'Hygiene': 5, 'Structural': 15, 'ConfidenceInManagement': 20}"
,62 Liverpool Road,Eccles,,7 Days,Retailers - other,4613,0,,83407,2041,422,environmentalhealth@salford.gov.uk,Salford,http://www.salford.gov.uk/envhealth.htm,False,,M30 0WA,2025-09-03T00:00:00,fhrs_1_en-gb,1,,FHRS,"{'longitude': '-2.346615', 'latitude': '53.483434'}","{'Hygiene': 15, 'Structural': 15, 'ConfidenceInManagement': 20}"
18 High Street,Lye,Stourbridge,,7 Days,Retailers - other,4613,0,,1555894,FR/202200340,409,,Dudley,http://www.dudley.gov.uk,False,,DY9 8LB,2025-06-19T00:00:00,fhrs_1_en-gb,1,,FHRS,"{'longitude': '-2.11579', 'latitude': '52.458023'}","{'Hygiene': 15, 'Structural': 15, 'ConfidenceInManagement': 20}"
62 Rockingham Road,Corby,,,7 Days Express,Retailers - other,4613,0,,1786449,24/00126/FOODHS,235,healthprotection@northnorthants.gov.uk,North Northamptonshire,https://www.northnorthants.gov.uk/,False,,NN17 1AE,2025-12-02T00:00:00,fhrs_1_en-gb,1,,FHRS,"{'longitude': '-0.6868128', 'latitude': '52.4959969'}","{'Hygiene': 5, 'Structural': 10, 'ConfidenceInManagement': 20}"
88 Oxford Road,Reading,,,7 Seas Fresh Fish,Retailers - other,4613,0,,1229337,137250,884,consumerprotection@reading.gov.uk,Reading,http://www.reading.gov.uk,True,,RG1 7LJ,2025-02-13T00:00:00,fhrs_1_en-gb,1,,FHRS,"{'longitude': '-0.9797819', 'latitude': '51.4551595'}","{'Hygiene': 15, 'Structural': 15, 'ConfidenceInManagement': 20}"
504 Coventry Road,Nechells,Birmingham,,7 star,Retailers - other,4613,0,,1823839,PI/000701228,402,Admin.EH@birmingham.gov.uk,Birmingham,http://www.birmingham.gov.uk/environmental-health,True,,B10 0UN,2025-08-04T00:00:00,fhrs_1_en-gb,1,,FHRS,"{'longitude': '-1.8573882', 'latitude': '52.4694604'}","{'Hygiene': 10, 'Structural': 15, 'ConfidenceInManagement': 20}"
737 Coventry Road,South Yardley,Birmingham,,7 Till 11 Convenience Store,Retailers - other,4613,0,,1543297,PI/000671639,402,Admin.EH@birmingham.gov.uk,Birmingham,http://www.birmingham.gov.uk/environmental-health,False,,B10 0JD,2025-05-12T00:00:00,fhrs_1_en-gb,1,,FHRS,"{'longitude': '-1.84705', 'latitude': '52.465983'}","{'Hygiene': 10, 'Structural': 15, 'ConfidenceInManagement': 20}"
Ground Floor,711 Stockport Road,Manchester,,786 Bishmillah biryani,Takeaway/sandwich shop,7844,0,,1870662,AC052025-22234,415,envhealth@manchester.gov.uk,Manchester,http://www.manchester.gov.uk,False,,M19 3AG,2025-06-04T00:00:00,fhrs_1_en-gb,1,,FHRS,"{'longitude': '-2.1918758', 'latitude': '53.448754'}","{'Hygiene': 15, 'Structural': 15, 'ConfidenceInManagement': 20}"
,246 Alfreton Road,,Nottingham,8 Till Late,Retailers - other,4613,0,,1738419,128753,899,food.enforcement@nottinghamcity.gov.uk,Nottingham City,http://www.nottinghamcity.gov.uk/foodsafety,False,,NG7 5LS,2024-07-29T00:00:00,fhrs_1_en-gb,1,,FHRS,"{'longitude': '-1.171795', 'latitude': '52.962202'}","{'Hygiene': 10, 'Structural': 0, 'ConfidenceInManagement': 20}"
122 Wandsworth High Street,,London,Wandsworth,:: Six Seven Wings/Clapham doner express/ truffle pizza square/Halal chicken and pizza/Chicken Valley,Restaurant/Cafe/Canteen,1,0,,1931883,26350,532,foodandsafety@merton.gov.uk,Wandsworth,http://www.wandsworth.gov.uk,False,,SW18 4JP,2026-07-01T00:00:00,fhrs_1_en-gb,1,,FHRS,"{'longitude': '-0.1968107', 'latitude': '51.4573859'}","{'Hygiene': 0, 'Structural': 10, 'ConfidenceInManagement': 20}"
1055 London Road,Thornton Heath,,,A & A London Road,Retailers - other,4613,0,,1645264,23/00454/COMM,507,food.safety@croydon.gov.uk,Croydon,http://www.croydon.gov.uk,False,,CR7 6JG,2026-03-13T00:00:00,fhrs_1_en-gb,1,,FHRS,"{'longitude': '-0.1183879', 'latitude': '51.401019'}","{'Hygiene': 10, 'Structural': 15, 'ConfidenceInManagement': 20}"
,83 Beresford Road,Manchester,,A & T FISHMONGER,Retailers - other,4613,0,,1821856,AC092024-18241,415,envhealth@manchester.gov.uk,Manchester,http://www.manchester.gov.uk,False,,M13 0TA,2025-03-05T00:00:00,fhrs_1_en-gb,1,,FHRS,"{'longitude': '-2.2024142', 'latitude': '53.4515949'}","{'Hygiene': 10, 'Structural': 20, 'ConfidenceInManagement': 20}"
63 Scotland Road,Nelson,Lancashire,,A + H Halal Meat,Retailers - other,4613,0,,1067667,18/00073/CP,201,environmental.food@pendle.gov.uk,Pendle,http://www.pendle.gov.uk,False,,BB9 7UY,2025-02-17T00:00:00,fhrs_1_en-gb,1,,FHRS,"{'longitude': '-2.21421909332275', 'latitude': '53.8386268615723'}","{'Hygiene': 15, 'Structural': 15, 'ConfidenceInManagement': 20}"
1 Limes Walk,Oakengates,Telford,Shropshire,A A Afro Caribbean Foods,Retailers - supermarkets/hypermarkets,7840,0,,1934221,9105931,900,,Telford and Wrekin Council,http://www.telford.gov.uk/,False,,TF2 6EP,2026-06-08T00:00:00,fhrs_1_en-gb,1,,FHRS,"{'longitude': None, 'latitude': None}","{'Hygiene': 10, 'Structural': 10, 'ConfidenceInManagement': 20}"
Butchers Shop,Plantation Road,Boreham,Chelmsford,A G Smith Butchers,Retailers - other,4613,0,,66230,14900/9001/0/000,113,safe.support@chelmsford.gov.uk,Chelmsford,http://www.chelmsford.gov.uk,False,,CM3 3DZ,2026-07-10T00:00:00,fhrs_1_en-gb,1,,FHRS,"{'longitude': '0.547572', 'latitude': '51.762636'}","{'Hygiene': 15, 'Structural': 10, 'ConfidenceInManagement': 20}"
14 King Street,Frome,Somerset,,A Huevo!,Restaurant/Cafe/Canteen,1,0,,1775740,FR/202400250,281,somersetenquiries@somerset.gov.uk,Somerset,http://www.somerset.gov.uk,False,,BA11 1BH,2026-06-10T00:00:00,fhrs_1_en-gb,1,,FHRS,"{'longitude': '-2.3203844', 'latitude': '51.2305356'}","{'Hygiene': 10, 'Structural': 10, 'ConfidenceInManagement': 20}"
A K Superstore,4 Battye Street,Dewsbury,,A K General Store,Retailers - other,4613,0,,926010,PI/000256074,411,food.safety@kirklees.gov.uk,Kirklees,http://www.kirklees.gov.uk/,False,,WF13 1PH,2026-03-02T00:00:00,fhrs_1_en-gb,1,,FHRS,"{'longitude': '-1.624642', 'latitude': '53.693685'}","{'Hygiene': 15, 'Structural': 5, 'ConfidenceInManagement': 20}"
138A Heathfield Road,Lozells And East Handsworth,Birmingham,,A K Kebab House,Takeaway/sandwich shop,7844,0,,976048,PI/000518535,402,Admin.EH@birmingham.gov.uk,Birmingham,http://www.birmingham.gov.uk/environmental-health,False,,B19 1HJ,2026-01-08T00:00:00,fhrs_1_en-gb,1,,FHRS,"{'longitude': '-1.91069102287292', 'latitude': '52.5053596496582'}","{'Hygiene': 15, 'Structural': 15, 'ConfidenceInManagement': 20}"
26 Church Street,Ashbourne,Derbyshire,,A L Hulme,Retailers - other,4613,0,,1626508,FR/000001668,070,envhealth@derbyshiredales.gov.uk,Derbyshire Dales,http://www.derbyshiredales.gov.uk/fhrs,False,,DE6 1AE,2026-02-12T00:00:00,fhrs_1_en-gb,1,,FHRS,"{'longitude': '-1.734526', 'latitude': '53.016468'}","{'Hygiene': 10, 'Structural': 15, 'ConfidenceInManagement': 20}"
2 Seven Ways Parade,Woodford Avenue,,Ilford,A Taste of Dracula,Retailers - other,4613,0,,1803366,181453,526,themis.skouros@redbridge.gov.uk,Redbridge,http://www.redbridge.gov.uk/,False,,IG2 6XH,2025-04-23T00:00:00,fhrs_1_en-gb,1,,FHRS,"{'longitude': '0.0658568', 'latitude': '51.5776379'}","{'Hygiene': 10, 'Structural': 10, 'ConfidenceInManagement': 20}"
279 HIGH STREET,,SLOUGH,,A to Z Fresh,Retailers - other,4613,0,,1108674,100933,885,foodandsafety@slough.gov.uk,Slough,http://www.slough.gov.uk,False,,SL1 1BN,2026-03-31T00:00:00,fhrs_1_en-gb,1,,FHRS,"{'longitude': '-0.5873189', 'latitude': '51.5079903'}","{'Hygiene': 5, 'Structural': 15, 'ConfidenceInManagement': 20}"
Unit 13 Level 1,St Nicholas Centre,St Nicholas Way,Sutton,A To Z Fresh Sutton Limited,Retailers - other,4613,0,,1419391,21/00426/COM,529,food.safety@sutton.gov.uk,Sutton,http://www.sutton.gov.uk,False,,SM1 1NW,2026-05-12T00:00:00,fhrs_1_en-gb,1,,FHRS,"{'longitude': '-0.194403', 'latitude': '51.365479'}","{'Hygiene': 15, 'Structural': 10, 'ConfidenceInManagement': 20}"
193A High Street,Potters Bar,Hertfordshire,,A&D Minimarket,Retailers - other,4613,0,,618947,259618,158,environmental.health@hertsmere.gov.uk,Hertsmere,http://www.hertsmere.gov.uk,False,,EN6 5DA,2026-03-05T00:00:00,fhrs_1_en-gb,1,,FHRS,"{'longitude': '-0.1742483', 'latitude': '51.6984855'}","{'Hygiene': 0, 'Structural': 10, 'ConfidenceInManagement': 20}"
10 Newnham Road,Kingsthorpe,Northampton,NN2 7RE,A&W Stores,Retailers - other,4613,0,,173636,PI/000026430,236,contactus@westnorthants.gov.uk,West Northamptonshire,https://www.westnorthants.gov.uk,False,,NN2 7RE,2026-02-24T00:00:00,fhrs_1_en-gb,1,,FHRS,"{'longitude': '-0.88724', 'latitude': '52.264146'}","{'Hygiene': 10, 'Structural': 10, 'ConfidenceInManagement': 20}"
31 Dalkeith Street,Walsall,West Midlands,,A&Y Kashmir Halal Meat Ltd,Retailers - other,4613,0,,1862909,PI/000150455,433,environmentalhealth@walsall.gov.uk,Walsall,http://www.walsall.gov.uk/index/environment/food_production_and_quality.htm,False,,WS2 8QA,2025-09-20T00:00:00,fhrs_1_en-gb,1,,FHRS,"{'longitude': '-1.994701', 'latitude': '52.589845'}","{'Hygiene': 20, 'Structural': 10, 'ConfidenceInManagement': 20}"
360 Regents Park Road London,,,,&Market,Retailers - other,4613,0,,1635494,23/00263/COMM,502,FoodSafety@barnet.gov.uk,Barnet,http://www.barnet.gov.uk/,False,,N3 2LJ,2026-04-14T00:00:00,fhrs_2_en-gb,2,,FHRS,"{'longitude': '-0.19403', 'latitude': '51.600817'}","{'Hygiene': 0, 'Structural': 15, 'ConfidenceInManagement': 10}"
5-7 Blenheim Parade,Uxbridge Road,,Uxbridge,(TemporailyClosed)Chummy Yummy Chinese Restaurant (temporarily closed),Restaurant/Cafe/Canteen,1,0,,1496743,150236,517,foodhealthandsafety@hillingdon.gov.uk,Hillingdon,http://www.hillingdon.gov.uk/foodsafety,False,,UB10 0LX,2024-02-01T00:00:00,fhrs_2_en-gb,2,,FHRS,"{'longitude': '-0.4458', 'latitude': '51.529624'}","{'Hygiene': 10, 'Structural': 15, 'ConfidenceInManagement': 10}"
327 Southbury Road,ENFIELD,,,1 Stop Halal T/A Shazan Select Count,Retailers - other,4613,0,,1007170,PI/000182624,510,environmental.health@enfield.gov.uk,Enfield,http://www.enfield.gov.uk/,False,,EN1 1TW,2025-03-05T00:00:00,fhrs_2_en-gb,2,,FHRS,"{'longitude': '-0.057127', 'latitude': '51.647487'}","{'Hygiene': 15, 'Structural': 5, 'ConfidenceInManagement': 10}"
1 Foots Cray High Street,Sidcup,Kent,,10.7.2026Cray's Food Centre,Retailers - other,4613,0,,1618235,23/00118/CP,503,food.safety@bexley.gov.uk,Bexley,http://www.bexley.gov.uk,False,,DA14 5HJ,2026-07-10T00:00:00,fhrs_2_en-gb,2,,FHRS,"{'longitude': '0.118671', 'latitude': '51.418592'}","{'Hygiene': 15, 'Structural': 15, 'ConfidenceInManagement': 10}"
25 Essex Street,Birmingham,,,100 Degrees,Restaurant/Cafe/Canteen,1,0,,1875540,PI/000704573,402,Admin.EH@birmingham.gov.uk,Birmingham,http://www.birmingham.gov.uk/environmental-health,False,,B5 4TR,2025-11-10T00:00:00,fhrs_2_en-gb,2,,FHRS,"{'longitude': '-1.898752', 'latitude': '52.4737396'}","{'Hygiene': 15, 'Structural': 10, 'ConfidenceInManagement': 10}"
123 Warrington Road,Leigh,Wigan,,123 Chinese Takeaway,Takeaway/sandwich shop,7844,0,,1230743,16854,434,Regulation@wigan.gov.uk,Wigan,http://www.wigan.gov.uk/,False,,WN7 3XE,2025-03-04T00:00:00,fhrs_2_en-gb,2,,FHRS,"{'longitude': '-2.5002019', 'latitude': '53.4874004'}","{'Hygiene': 10, 'Structural': 15, 'ConfidenceInManagement': 10}"
13th Floor Coffee,Cafe Parish Office Christ Church Highbury,159 Highbury Grove,London,13th Floor Coffee,Restaurant/Cafe/Canteen,1,0,,1731087,PI/000296176,519,Commercial.Envh@islington.gov.uk,Islington,http://www.islington.gov.uk,False,,N5 1SA,2026-07-01T00:00:00,fhrs_2_en-gb,2,,FHRS,"{'longitude': '-0.0987017', 'latitude': '51.5524539'}","{'Hygiene': 5, 'Structural': 15, 'ConfidenceInManagement': 5}"
,660,Old Kent Road,London,19 fifty seven restaurant,Restaurant/Cafe/Canteen,1,0,,1498357,199253,528,food@southwark.gov.uk,Southwark,http://www.southwark.gov.uk/,False,,SE15 1JF,2025-09-05T00:00:00,fhrs_2_en-gb,2,,FHRS,"{'longitude': '-0.063144', 'latitude': '51.482385'}","{'Hygiene': 10, 'Structural': 15, 'ConfidenceInManagement': 10}"
,194 STOKE NEWINGTON HIGH STREET,Hackney,London,19 Numara Bos Cirrik 2,Restaurant/Cafe/Canteen,1,0,,469523,25613,512,technicalbusinesssupport@hackney.gov.uk,Hackney,https://hackney.gov.uk/environmental-health#food,False,,N16 7JD,2023-12-04T00:00:00,fhrs_2_en-gb,2,,FHRS,"{'longitude': '-0.0733342', 'latitude': '51.5622371'}","{'Hygiene': 10, 'Structural': 15, 'ConfidenceInManagement': 10}"
31-33 Nantwich Road,Crewe,,Cheshire East,1ST STOP HALAL LTD,Retailers - other,4613,0,,1928658,Cx20161,703,commercialservices@cheshireeast.gov.uk,Cheshire East,http://www.cheshireeast.gov.uk/,False,,CW2 6AF,2026-05-13T00:00:00,fhrs_2_en-gb,2,,FHRS,"{'longitude': '-2.4377983', 'latitude': '53.0891557'}","{'Hygiene': 15, 'Structural': 15, 'ConfidenceInManagement': 10}"
Imperial And Whitehall,21-23 Colmore Row,Birmingham,,200 Degrees Coffee,Restaurant/Cafe/Canteen,1,0,,941972,PI/000633991,402,Admin.EH@birmingham.gov.uk,Birmingham,http://www.birmingham.gov.uk/environmental-health,False,,B3 2BS,2026-06-08T00:00:00,fhrs_2_en-gb,2,,FHRS,"{'longitude': '-1.8986694', 'latitude': '52.4821262'}","{'Hygiene': 15, 'Structural': 15, 'ConfidenceInManagement': 10}"
Holiday Inn,212 Abbey End,,Kenilworth,212 @ Holiday Inn,Hotel/bed & breakfast/guest house,7842,0,,242012,81454,321,foodsafety@warwickdc.gov.uk,Warwick,http://www.warwickdc.gov.uk,False,,CV8 1ED,2026-01-14T00:00:00,fhrs_2_en-gb,2,,FHRS,"{'longitude': '-1.581005', 'latitude': '52.343884'}","{'Hygiene': 5, 'Structural': 15, 'ConfidenceInManagement': 10}"
,36 Goodge Street,,London,3 GORGES,Restaurant/Cafe/Canteen,1,0,,1803468,205616,506,foodsafety@camden.gov.uk,Camden,http://www.camden.gov.uk,False,,W1T 2QN,2026-01-21T00:00:00,fhrs_2_en-gb,2,,FHRS,"{'longitude': '-0.1353242', 'latitude': '51.519697'}","{'Hygiene': 15, 'Structural': 15, 'ConfidenceInManagement': 10}"
,236-238 High Road,,Chadwell Heath,3 Luanet Restaurant & Shisha Lounge,Restaurant/Cafe/Canteen,1,0,,1655770,80603,501,foodsafety@lbbd.gov.uk,Barking and Dagenham,http://www.lbbd.gov.uk/Pages/Home.aspx,False,,RM6 6AP,2025-09-19T00:00:00,fhrs_2_en-gb,2,,FHRS,"{'longitude': '0.143009006977081', 'latitude': '51.5721969604492'}","{'Hygiene': 10, 'Structural': 15, 'ConfidenceInManagement': 10}"
121A The Green,Darlaston,Walsall,,3 Star Booze Mart,Retailers - other,4613,0,,1656699,PI/000147359,433,environmentalhealth@walsall.gov.uk,Walsall,http://www.walsall.gov.uk/index/environment/food_production_and_quality.htm,False,,WS10 8JP,2025-01-10T00:00:00,fhrs_2_en-gb,2,,FHRS,"{'longitude': '-2.0339858', 'latitude': '52.5754076'}","{'Hygiene': 10, 'Structural': 15, 'ConfidenceInManagement': 10}"
15 Water Street,Todmorden,Calderdale,,3 Wise Monkeys And Hanuman Lounge,Restaurant/Cafe/Canteen,1,0,,1546277,21/00059/COMM,406,environmental.health@calderdale.gov.uk,Calderdale,http://www.calderdale.gov.uk,False,,OL14 5AB,2025-04-03T00:00:00,fhrs_2_en-gb,2,,FHRS,"{'longitude': '-2.0976131', 'latitude': '53.7130776'}","{'Hygiene': 15, 'Structural': 10, 'ConfidenceInManagement': 10}"
Store 102m Indoor Market,50 Edgbaston Street,Birmingham,,313 Meat experts Limited,Retailers - other,4613,0,,1716287,PI/000695155,402,Admin.EH@birmingham.gov.uk,Birmingham,http://www.birmingham.gov.uk/environmental-health,False,,B5 4RQ,2026-06-18T00:00:00,fhrs_2_en-gb,2,,FHRS,"{'longitude': '-1.895105', 'latitude': '52.476123'}","{'Hygiene': 15, 'Structural': 15, 'ConfidenceInManagement': 10}"
,46 Milkstone Road,Rochdale,Lancashire,360 Steak & Ice,Takeaway/sandwich shop,7844,0,,42614,10506,419,environmental.health2@rochdale.gov.uk,Rochdale,http://www.rochdale.gov.uk,False,,OL11 1EB,2025-11-21T00:00:00,fhrs_2_en-gb,2,,FHRS,"{'longitude': '-2.15682', 'latitude': '53.610364'}","{'Hygiene': 15, 'Structural': 15, 'ConfidenceInManagement': 10}"
,18 Great Moor Street,Bolton,,3ds Store Ltd,Retailers - other,4613,0,,1815876,163211,403,environmental.health@bolton.gov.uk,Bolton,http://www.bolton.gov.uk,False,,BL1 1NP,2025-06-18T00:00:00,fhrs_2_en-gb,2,,FHRS,"{'longitude': '-2.4269945', 'latitude': '53.5769103'}","{'Hygiene': 15, 'Structural': 10, 'ConfidenceInManagement': 10}"
2 Derry Avenue,South Ockendon,Essex,,4 Angels Foods,Retailers - other,4613,0,,1827102,25/00139/CP,894,foodsafety@thurrock.gov.uk,Thurrock,http://www.thurrock.gov.uk/food,False,,RM15 5DZ,2025-04-26T00:00:00,fhrs_2_en-gb,2,,FHRS,"{'longitude': '0.2818254', 'latitude': '51.5091383'}","{'Hygiene': 10, 'Structural': 15, 'ConfidenceInManagement': 10}"
25 MOSCOW ROAD,,LONDON,,4 Ur Convenience,Retailers - other,4613,0,,428104,01450/0025/0/000,533,foodsafety@westminster.gov.uk,Westminster,http://www.westminster.gov.uk/,False,,W2 4AH,2022-12-10T00:00:00,fhrs_2_en-gb,2,,FHRS,"{'longitude': '-0.1888728', 'latitude': '51.5124426'}","{'Hygiene': 0, 'Structural': 15, 'ConfidenceInManagement': 0}"
,42 High Street,Uppermill,Oldham,42 High Street,Restaurant/Cafe/Canteen,1,0,,1653777,69951,418,FHRS@oldham.gov.uk,Oldham,https://www.oldham.gov.uk,False,,OL3 6HA,2026-05-21T00:00:00,fhrs_2_en-gb,2,,FHRS,"{'longitude': '-2.0067506', 'latitude': '53.5470263'}","{'Hygiene': 10, 'Structural': 15, 'ConfidenceInManagement': 10}"
,,,,4ster's Treats,Other catering premises,7841,0,,1776134,96015,870,ehfst@milton-keynes.gov.uk,Milton Keynes,http://www.milton-keynes.gov.uk,False,,MK8 ,2025-02-17T00:00:00,fhrs_2_en-gb,2,,FHRS,"{'longitude': None, 'latitude': None}","{'Hygiene': 15, 'Structural': 5, 'ConfidenceInManagement': 10}"
Boldon Lane Learning Centre,Boldon Lane,South Shields,Tyne & Wear,5 Quarters,Restaurant/Cafe/Canteen,1,0,,1678623,FR/000003336,427,environmental.health@southtyneside.gov.uk,South Tyneside,https://www.southtyneside.gov.uk/,False,,NE34 0LZ,2025-06-30T00:00:00,fhrs_2_en-gb,2,,FHRS,"{'longitude': '-1.438732', 'latitude': '54.969217'}","{'Hygiene': 10, 'Structural': 15, 'ConfidenceInManagement': 10}"
74 East Laith Gate,,Doncaster,,5 Wonders,Takeaway/sandwich shop,7844,0,,1230867,PI/000208562,408,food.safety@doncaster.gov.uk,Doncaster,http://www.doncaster.gov.uk,False,,DN1 1JD,2026-01-15T00:00:00,fhrs_2_en-gb,2,,FHRS,"{'longitude': '-1.1295803', 'latitude': '53.5235713'}","{'Hygiene': 10, 'Structural': 15, 'ConfidenceInManagement': 10}"
18 High Street,Sheerness,Kent,,"5,10,5Sheppey Cafe And Restaurant (Taste Of Lanka)",Restaurant/Cafe/Canteen,1,0,,1795910,24/500047/MIXED,189,EHAdmin@MidKent.gov.uk,Swale,http://www.swale.gov.uk,False,,ME12 1NL,2025-10-16T00:00:00,fhrs_2_en-gb,2,,FHRS,"{'longitude': '0.761101', 'latitude': '51.440658'}","{'Hygiene': 10, 'Structural': 15, 'ConfidenceInManagement': 10}"
,2 High Town Road,,Luton,50nine,Restaurant/Cafe/Canteen,1,0,,1320969,8182,869,environmentalhealth@luton.gov.uk,Luton,http://www.luton.gov.uk/foodscore,False,,LU2 0DD,2026-05-05T00:00:00,fhrs_2_en-gb,2,,FHRS,"{'longitude': '-0.4135068', 'latitude': '51.8831408'}","{'Hygiene': 10, 'Structural': 15, 'ConfidenceInManagement': 10}"
3 Golders Green Road London,,,,5Bites  @ Golders Corner Food Court,Takeaway/sandwich shop,7844,0,,1796148,25/00019/COMM,502,FoodSafety@barnet.gov.uk,Barnet,http://www.barnet.gov.uk/,False,,NW11 8DY,2025-03-10T00:00:00,fhrs_2_en-gb,2,,FHRS,"{'longitude': '-0.1958254', 'latitude': '51.5716593'}","{'Hygiene': 10, 'Structural': 15, 'ConfidenceInManagement': 10}"
68 York Road,Erdington,Birmingham,,6 Ways / K Star Convenience Store,Retailers - other,4613,0,,1709586,PI/000694813,402,Admin.EH@birmingham.gov.uk,Birmingham,http://www.birmingham.gov.uk/environmental-health,False,,B23 6TG,2025-03-20T00:00:00,fhrs_2_en-gb,2,,FHRS,"{'longitude': '-1.84266304969788', 'latitude': '52.5240249633789'}","{'Hygiene': 5, 'Structural': 15, 'ConfidenceInManagement': 10}"
UNIT 10B 10 GREYCOAT PLACE,,LONDON,,60 Degrees Coffee,Restaurant/Cafe/Canteen,1,0,,1836353,BKXVC2-YVK12G-PRL548,533,foodsafety@westminster.gov.uk,Westminster,http://www.westminster.gov.uk/,False,,SW1P 1SB,2025-06-30T00:00:00,fhrs_2_en-gb,2,,FHRS,"{'longitude': '-0.1347988', 'latitude': '51.4965773'}","{'Hygiene': 5, 'Structural': 15, 'ConfidenceInManagement': 5}"
76 MIDLAND ROAD,,BEDFORD,,7 Days Bedford Ltd,Retailers - other,4613,0,,894606,121715,701,ehadmin@bedford.gov.uk,Bedford,http://www.bedford.gov.uk,False,,MK40 1QH,2025-12-02T00:00:00,fhrs_2_en-gb,2,,FHRS,"{'longitude': '-0.4732357', 'latitude': '52.1357207'}","{'Hygiene': 15, 'Structural': 5, 'ConfidenceInManagement': 10}"
104 Tottenhall Road,LONDON,,,7 in 7 Food Centre,Retailers - other,4613,0,,349101,PI/000170950,510,environmental.health@enfield.gov.uk,Enfield,http://www.enfield.gov.uk/,False,,N13 6DG,2025-02-16T00:00:00,fhrs_2_en-gb,2,,FHRS,"{'longitude': '-0.101593', 'latitude': '51.611076'}","{'Hygiene': 10, 'Structural': 15, 'ConfidenceInManagement': 10}"
112-114 Tottenhall Road,LONDON,,,7 in One Supermarket,Retailers - other,4613,0,,318071,PI/000168845,510,environmental.health@enfield.gov.uk,Enfield,http://www.enfield.gov.uk/,False,,N13 6JB,2026-05-18T00:00:00,fhrs_2_en-gb,2,,FHRS,"{'longitude': '-0.103659', 'latitude': '51.611064'}","{'Hygiene': 15, 'Structural': 10, 'ConfidenceInManagement': 10}"
Seven Rivers,135 Dudley Road,Wolverhampton,West Midlands,7 Rivers Indian Restaurant Ltd,Restaurant/Cafe/Canteen,1,0,,1892197,48165,436,customer.services@wolverhampton.gov.uk,Wolverhampton,http://www.wolverhampton.gov.uk/,False,,WV2 3DH,2025-11-19T00:00:00,fhrs_2_en-gb,2,,FHRS,"{'longitude': '-2.1257233', 'latitude': '52.572803'}","{'Hygiene': 15, 'Structural': 10, 'ConfidenceInManagement': 5}"
,1 High Street,Seven Sisters,Neath Port Talbot,7 Sisters Kebab Pizza House,Takeaway/sandwich shop,7844,0,,1774756,521010,563,food@npt.gov.uk,Neath Port Talbot,http://www.npt.gov.uk,False,,SA10 9DN,2025-01-16T00:00:00,fhrs_2_cy-gb,2,,FHRS,"{'longitude': '-3.711975', 'latitude': '51.76661'}","{'Hygiene': 15, 'Structural': 10, 'ConfidenceInManagement': 10}"
Norwich House 8 Water Street,,Liverpool,,8 Water St Mediterranean Grill,Restaurant/Cafe/Canteen,1,0,,1699477,93306,414,environmental.health@liverpool.gov.uk,Liverpool,http://www.liverpool.gov.uk,False,,,2026-06-18T00:00:00,fhrs_2_en-gb,2,,FHRS,"{'longitude': '-2.9929222', 'latitude': '53.4068028'}","{'Hygiene': 10, 'Structural': 15, 'ConfidenceInManagement': 10}"
59 Fleet Street,London,,,9 Bars Coffee Ltd,Takeaway/sandwich shop,7844,0,,1793390,25/00051/COMM,508,publicprotection@cityoflondon.gov.uk,City of London Corporation,http://www.cityoflondon.gov.uk/Corporation/homepage.htm,False,,EC4Y 1JU,2025-04-24T00:00:00,fhrs_2_en-gb,2,,FHRS,"{'longitude': '-0.1082554', 'latitude': '51.5141018'}","{'Hygiene': 0, 'Structural': 15, 'ConfidenceInManagement': 10}"
355A - 355B Wandsworth Road,London,,,9 Elms Burgers,Restaurant/Cafe/Canteen,1,0,,1904697,25/00468/COMM,522,foodhealthandsafety@lambeth.gov.uk,Lambeth,http://www.lambeth.gov.uk,False,,SW8 2JH,2026-01-09T00:00:00,fhrs_2_en-gb,2,,FHRS,"{'longitude': '-0.131361', 'latitude': '51.475156'}","{'Hygiene': 10, 'Structural': 15, 'ConfidenceInManagement': 10}"
80 Grovelands Road,,Orpington,,A & A Stores,Retailers - other,4613,0,,357609,00000/0000/8/650,505,food@bromley.gov.uk,Bromley,http://www.bromley.gov.uk,False,,BR5 3EE,2025-02-11T00:00:00,fhrs_2_en-gb,2,,FHRS,"{'longitude': '0.104469', 'latitude': '51.4113472'}","{'Hygiene': 5, 'Structural': 15, 'ConfidenceInManagement': 5}"
664 High Road Leyton,,Leyton,London,A & M Seafood,Retailers - other,4613,0,,1845584,351743,531,food.safety@walthamforest.gov.uk,Waltham Forest,http://www.walthamforest.gov.uk,False,,E10 6JP,2025-06-18T00:00:00,fhrs_2_en-gb,2,,FHRS,"{'longitude': '-0.007933', 'latitude': '51.5701288'}","{'Hygiene': 10, 'Structural': 15, 'ConfidenceInManagement': 10}"
,111a Leach Lane,Sutton Leach,,A + Pizza,Takeaway/sandwich shop,7844,0,,1533408,B19HSH111A/1,421,environmentalhealth@sthelens.gov.uk,St Helens,http://www.sthelens.gov.uk,False,,WA9 4PS,2026-02-24T00:00:00,fhrs_2_en-gb,2,,FHRS,"{'longitude': '-2.71033914', 'latitude': '53.42828619'}","{'Hygiene': 5, 'Structural': 15, 'ConfidenceInManagement': 10}"
16 Moat Road,Walsall,West Midlands,WS2 9PJ,A B Food Store,Retailers - other,4613,0,,212823,PI/000138131,433,environmentalhealth@walsall.gov.uk,Walsall,http://www.walsall.gov.uk/index/environment/food_production_and_quality.htm,False,,WS2 9PJ,2025-10-22T00:00:00,fhrs_2_en-gb,2,,FHRS,"{'longitude': '-1.9965793', 'latitude': '52.5845941'}","{'Hygiene': 10, 'Structural': 15, 'ConfidenceInManagement': 10}"
33 Westley Road,Birmingham,,,A G Minimarket,Retailers - supermarkets/hypermarkets,7840,0,,1243084,PI/000663112,402,Admin.EH@birmingham.gov.uk,Birmingham,http://www.birmingham.gov.uk/environmental-health,False,,B27 7UQ,2025-01-06T00:00:00,fhrs_2_en-gb,2,,FHRS,"{'longitude': '-1.826109', 'latitude': '52.446023'}","{'Hygiene': 10, 'Structural': 15, 'ConfidenceInManagement': 10}"
14 High Street,Snodland,Kent,,A La Carte Spice,Takeaway/sandwich shop,7844,0,,291431,07/00026/MIXED,191,foodandsafety@tmbc.gov.uk,Tonbridge and Malling,http://www.tmbc.gov.uk,False,,ME6 5DF,2026-02-24T00:00:00,fhrs_2_en-gb,2,,FHRS,"{'longitude': '0.441907', 'latitude': '51.330129'}","{'Hygiene': 10, 'Structural': 15, 'ConfidenceInManagement': 10}"
26 South Street,ENFIELD,,,A Taste of Passion ltd,Takeaway/sandwich shop,7844,0,,1701345,PI/000194272,510,environmental.health@enfield.gov.uk,Enfield,http://www.enfield.gov.uk/,False,,EN3 4JZ,2026-05-19T00:00:00,fhrs_2_en-gb,2,,FHRS,"{'longitude': '-0.045188', 'latitude': '51.644115'}","{'Hygiene': 15, 'Structural': 10, 'ConfidenceInManagement': 5}"
45 Plashet Road,Plaistow,London,,A To Z Butchers,Retailers - other,4613,0,,1569227,22/01304/FOOD,525,food@newham.gov.uk,Newham,https://www.newham.gov.uk,False,,E13 0QA,2025-04-09T00:00:00,fhrs_2_en-gb,2,,FHRS,"{'longitude': '0.025377', 'latitude': '51.537363'}","{'Hygiene': 15, 'Structural': 10, 'ConfidenceInManagement': 10}"
91 RAGLAN ROAD,,BURNLEY,,A To Z Off License,Retailers - other,4613,0,,120367,49339,196,envhealth@burnley.gov.uk,Burnley,http://www.burnley.gov.uk,False,,BB11 4LB,2025-07-29T00:00:00,fhrs_2_en-gb,2,,FHRS,"{'longitude': '-2.2565323', 'latitude': '53.7850248'}","{'Hygiene': 5, 'Structural': 15, 'ConfidenceInManagement': 10}"
,38 Heol-Y-Grug,Hendreforgan,Gilfach Goch,A&B Convenience Store,Retailers - other,4613,0,,1936361,249568,567,food.healthandsafety@rctcbc.gov.uk,Rhondda Cynon Taf,http://www.rhondda-cynon-taf.gov.uk/en/business/healthandsafety/foodbusiness-foodsafetyinspections/foodbusiness-foodsafetyinspection.aspx,False,,CF39 8UY,2026-05-13T00:00:00,fhrs_2_cy-gb,2,,FHRS,"{'longitude': '-3.4628753', 'latitude': '51.5841547'}","{'Hygiene': 15, 'Structural': 5, 'ConfidenceInManagement': 10}"
36 Broughton Avenue,Middlesbrough,,,A&E News and Convenience Store,Retailers - other,4613,0,,1244930,82037,861,EHTS@middlesbrough.gov.uk,Middlesbrough,http://www.middlesbrough.gov.uk,False,,TS4 3PZ,2025-11-07T00:00:00,fhrs_2_en-gb,2,,FHRS,"{'longitude': '-1.215787', 'latitude': '54.543358'}","{'Hygiene': 15, 'Structural': 5, 'ConfidenceInManagement': 10}"
Ground Floor Unit,122 Loampit Vale,London,,A.G African Food Store,Retailers - other,4613,0,,1600689,FR/000009642,523,environmentalhealth@lewisham.gov.uk,Lewisham,http://www.lewisham.gov.uk/myservices/business/food-safety/Pages/default.aspx,False,,SE13 7SN,2021-11-18T00:00:00,fhrs_2_en-gb,2,,FHRS,"{'longitude': '-0.0183789', 'latitude': '51.4656113'}","{'Hygiene': 10, 'Structural': 15, 'ConfidenceInManagement': 10}"
Unit-007 HIJ Ground Floor Building A&B The Stables Market,Chalk Farm Road,,London,'WELL BITE LTD T/A MALAYSIAN FOOD'',Takeaway/sandwich shop,7844,0,,1363453,199623,506,foodsafety@camden.gov.uk,Camden,http://www.camden.gov.uk,False,,NW1 8AH,2022-12-12T00:00:00,fhrs_3_en-gb,3,,FHRS,"{'longitude': '-0.147359997034073', 'latitude': '51.5419883728027'}","{'Hygiene': 10, 'Structural': 10, 'ConfidenceInManagement': 10}"
,,,,+231 African Cuisine,Other catering premises,7841,0,,1810729,25/00061/FOOD,857,public_protection@bathnes.gov.uk,Bath and North East Somerset,https://www.bathnes.gov.uk/services/environment/food-safety,False,,BA2 ,2026-03-10T00:00:00,fhrs_3_en-gb,3,,FHRS,"{'longitude': None, 'latitude': None}","{'Hygiene': 10, 'Structural': 10, 'ConfidenceInManagement': 10}"
3 STANDERTON TERRACE,THE MIDDLES,STANLEY,,.UK Pizza,Takeaway/sandwich shop,7844,0,,1301379,316687,706,ehcp@durham.gov.uk,Durham,http://www.durham.gov.uk,False,,DH9 6DD,2026-01-31T00:00:00,fhrs_3_en-gb,3,,FHRS,"{'longitude': '-1.6795663', 'latitude': '54.8566456'}","{'Hygiene': 10, 'Structural': 10, 'ConfidenceInManagement': 10}"
The Mall,Broadway Shopping Centre,Bexleyheath,Kent,02.9.25Samosa Haus,Mobile caterer,7846,0,,1856948,25/00275/CP,503,food.safety@bexley.gov.uk,Bexley,http://www.bexley.gov.uk,False,,DA6 7JJ,2025-09-02T00:00:00,fhrs_3_en-gb,3,,FHRS,"{'longitude': None, 'latitude': None}","{'Hygiene': 10, 'Structural': 10, 'ConfidenceInManagement': 10}"
122 Bellegrove Road,Welling,Kent,,05.10.24La Cumetri,Retailers - other,4613,0,,1540006,22/00245/CP,503,food.safety@bexley.gov.uk,Bexley,http://www.bexley.gov.uk,False,,DA16 3QR,2025-11-15T00:00:00,fhrs_3_en-gb,3,,FHRS,"{'longitude': '0.1005751', 'latitude': '51.4637653'}","{'Hygiene': 10, 'Structural': 5, 'ConfidenceInManagement': 10}"
Unit 5,Enfield Industrial Estate Road,Redditch,Worcestershire,1 The Football Factory CIC,Restaurant/Cafe/Canteen,1,0,,1857258,25/00551/FOOD,149,enquiries@worcsregservices.gov.uk,Redditch,https://www.worcsregservices.gov.uk,False,,B97 6BG,2025-07-17T00:00:00,fhrs_3_en-gb,3,,FHRS,"{'longitude': '-1.949135', 'latitude': '52.3113865'}","{'Hygiene': 10, 'Structural': 10, 'ConfidenceInManagement': 10}"
Ground Floor 1 - 4 Station Buildings Southend Road,,Beckenham,,10 Below,Pub/bar/nightclub,7843,0,,1753456,24/00437/MIXED,505,food@bromley.gov.uk,Bromley,http://www.bromley.gov.uk,False,,BR3 1SD,2025-10-31T00:00:00,fhrs_3_en-gb,3,,FHRS,"{'longitude': '-0.0252062', 'latitude': '51.4111488'}","{'Hygiene': 5, 'Structural': 10, 'ConfidenceInManagement': 10}"
18 Grange Mount,Birkenhead,Wirral,,10 O'Clock Shop,Retailers - other,4613,0,,729523,PI/100046105,435,environmentalhealth@wirral.gov.uk,Wirral,http://www.wirral.gov.uk,False,,CH43 4XW,2025-12-09T00:00:00,fhrs_3_en-gb,3,,FHRS,"{'longitude': '-3.0362702', 'latitude': '53.3886451'}","{'Hygiene': 10, 'Structural': 10, 'ConfidenceInManagement': 10}"
170 Heaton Road,,Newcastle Upon Tyne,,10 TEN BAR AND BISTRO,Restaurant/Cafe/Canteen,1,0,,1878478,74115,416,psr@newcastle.gov.uk,Newcastle Upon Tyne,http://www.newcastle.gov.uk/,False,,NE6 5HP,2026-04-08T00:00:00,fhrs_3_en-gb,3,,FHRS,"{'longitude': '-1.5815545', 'latitude': '54.9834584'}","{'Hygiene': 10, 'Structural': 10, 'ConfidenceInManagement': 10}"
352 King Street,London,,,101 Thai Kitchen,Restaurant/Cafe/Canteen,1,0,,345209,02214/0352/1/000,513,foodandsafety@lbhf.gov.uk,Hammersmith and Fulham,http://www.lbhf.gov.uk,True,,W6 0RX,2025-01-23T00:00:00,fhrs_3_en-gb,3,,FHRS,"{'longitude': '-0.244311', 'latitude': '51.493618'}","{'Hygiene': 10, 'Structural': 10, 'ConfidenceInManagement': 10}"
108 Stoney Lane,Sparkbrook,Birmingham,,108 Arabic Shop,Retailers - other,4613,0,,1435152,PI/000674466,402,Admin.EH@birmingham.gov.uk,Birmingham,http://www.birmingham.gov.uk/environmental-health,False,,B12 8AF,2026-04-29T00:00:00,fhrs_3_en-gb,3,,FHRS,"{'longitude': '-1.873027', 'latitude': '52.456601'}","{'Hygiene': 10, 'Structural': 10, 'ConfidenceInManagement': 10}"
109 Deptford High Street,London,,,109 Halal Butchers,Retailers - other,4613,0,,1720395,FR/000010821,523,environmentalhealth@lewisham.gov.uk,Lewisham,http://www.lewisham.gov.uk/myservices/business/food-safety/Pages/default.aspx,False,,SE8 4AA,2024-05-14T00:00:00,fhrs_3_en-gb,3,,FHRS,"{'longitude': '-0.026138', 'latitude': '51.476858'}","{'Hygiene': 10, 'Structural': 10, 'ConfidenceInManagement': 10}"
321 Upper Richmond Road West,,East Sheen,Richmond Upon Thames,11 Coffee & Co,Restaurant/Cafe/Canteen,1,0,,1575277,PI/000454816,527,foodandsafety@merton.gov.uk,Richmond-Upon-Thames,http://www.richmond.gov.uk,False,,SW14 8QR,2026-06-03T00:00:00,fhrs_3_en-gb,3,,FHRS,"{'longitude': '-0.2642571', 'latitude': '51.4647611'}","{'Hygiene': 10, 'Structural': 5, 'ConfidenceInManagement': 10}"
23a Downpatrick Street,Crossgar,Crossgar,Down,11a Cafe,Restaurant/Cafe/Canteen,1,0,,1545283,604745,814,ehealth@nmandd.org,"Newry, Mourne and Down",http://www.newrymournedown.org,False,,BT30 9EA,2024-12-10T00:00:00,fhrs_3_en-gb,3,,FHRS,"{'longitude': '-5.7621603', 'latitude': '54.3967147'}","{'Hygiene': 5, 'Structural': 10, 'ConfidenceInManagement': 10}"
4 Church Lane,Windsor,,,1423 China Kitchen,Restaurant/Cafe/Canteen,1,0,,1963274,26/00149/COM,886,customer.service@rbwm.gov.uk,Windsor and Maidenhead,http://www.rbwm.gov.uk/,False,,SL4 1PA,2026-06-17T00:00:00,fhrs_3_en-gb,3,,FHRS,"{'longitude': '-0.606556', 'latitude': '51.482026'}","{'Hygiene': 10, 'Structural': 10, 'ConfidenceInManagement': 10}"
161 Food & Drink-Food Connects Ltd,161 Kirkdale,London,,161 Food & Drink Connects Ltd,Restaurant/Cafe/Canteen,1,0,,1599366,FR/000006535,523,environmentalhealth@lewisham.gov.uk,Lewisham,http://www.lewisham.gov.uk/myservices/business/food-safety/Pages/default.aspx,False,,SE26 4QJ,2024-12-12T00:00:00,fhrs_3_en-gb,3,,FHRS,"{'longitude': '-0.0592937', 'latitude': '51.4310349'}","{'Hygiene': 10, 'Structural': 10, 'ConfidenceInManagement': 5}"
165 Point Clear Road,St Osyth,Clacton On Sea,Essex,165 Point Clear,Caring Premises,5,0,,1720681,24/00108/FOOD,120,fhsadmin@tendringdc.gov.uk,Tendring,http://www.tendringdc.gov.uk/,False,,CO16 8JB,2026-04-28T00:00:00,fhrs_3_en-gb,3,,FHRS,"{'longitude': '1.054124', 'latitude': '51.793523'}","{'Hygiene': 10, 'Structural': 5, 'ConfidenceInManagement': 10}"
15 Burton Avenue,Beeston,Leeds,,168 Chinese Takeaway,Takeaway/sandwich shop,7844,0,,457963,11/01208/COMM,413,food.safety@leeds.gov.uk,Leeds,http://www.leeds.gov.uk/,False,,LS11 5ET,2025-03-14T00:00:00,fhrs_3_en-gb,3,,FHRS,"{'longitude': '-1.54036', 'latitude': '53.777512'}","{'Hygiene': 10, 'Structural': 10, 'ConfidenceInManagement': 10}"
17 Alexandra Road,Horsforth,Leeds,,168 Chinese Takeaway,Takeaway/sandwich shop,7844,0,,1796774,24/01421/COMM,413,food.safety@leeds.gov.uk,Leeds,http://www.leeds.gov.uk/,False,,LS18 4HE,2025-01-16T00:00:00,fhrs_3_en-gb,3,,FHRS,"{'longitude': '-1.629699', 'latitude': '53.837132'}","{'Hygiene': 5, 'Structural': 10, 'ConfidenceInManagement': 10}"
Little Chinatown 1st Floor,Nelson Street,City Centre,Bristol,168 Oriental,Retailers - other,4613,0,,642783,118114,855,food.safety@bristol.gov.uk,Bristol,http://www.bristol.gov.uk,False,,BS1 2BJ,2025-11-24T00:00:00,fhrs_3_en-gb,3,,FHRS,"{'longitude': '-2.5943208', 'latitude': '51.4565183'}","{'Hygiene': 10, 'Structural': 5, 'ConfidenceInManagement': 10}"
,Unit 4 and 5 Prydwen Road,,Fforestfach,179 coffee Ltd,Restaurant/Cafe/Canteen,1,0,,1912110,173028,568,FoodandSafety@swansea.gov.uk,Swansea,http://www.swansea.gov.uk,False,,SA5 4HN,2026-04-21T00:00:00,fhrs_3_cy-gb,3,,FHRS,"{'longitude': '-3.9970324', 'latitude': '51.6432361'}","{'Hygiene': 10, 'Structural': 10, 'ConfidenceInManagement': 10}"
GROUND FLOOR 42-44 HANWAY STREET,,LONDON,,199 Fahrenheit,Restaurant/Cafe/Canteen,1,0,,1836365,L13CY2-B9RWT9-9TSPK4,533,foodsafety@westminster.gov.uk,Westminster,http://www.westminster.gov.uk/,False,,W1T 1UT,2025-08-22T00:00:00,fhrs_3_en-gb,3,,FHRS,"{'longitude': '-0.1327004', 'latitude': '51.5165348'}","{'Hygiene': 5, 'Structural': 10, 'ConfidenceInManagement': 10}"
160A Leeds Road,Rothwell,Leeds,,1Pizza1.com,Takeaway/sandwich shop,7844,0,,322167,08/00412/COMM,413,food.safety@leeds.gov.uk,Leeds,http://www.leeds.gov.uk/,False,,LS26 0JH,2025-02-26T00:00:00,fhrs_3_en-gb,3,,FHRS,"{'longitude': '-1.471865', 'latitude': '53.756719'}","{'Hygiene': 10, 'Structural': 10, 'ConfidenceInManagement': 5}"
48 Broad Street,,Banbury,Oxfordshire,1st Eat Chinese Takeaway,Takeaway/sandwich shop,7844,0,,1793920,76479,268,HPandCompliance@cherwell-dc.gov.uk,Cherwell,http://www.cherwell.gov.uk,False,,OX16 5BT,2025-03-06T00:00:00,fhrs_3_en-gb,3,,FHRS,"{'longitude': '-1.3349875', 'latitude': '52.060376'}","{'Hygiene': 10, 'Structural': 10, 'ConfidenceInManagement': 10}"
,42-43 Wolverhampton Road,Stafford,Staffordshire,1st Stop,Retailers - other,4613,0,,1195564,323,292,ehtechsupport@staffordbc.gov.uk,Stafford,http://www.staffordbc.gov.uk,False,,ST17 4DA,2025-08-28T00:00:00,fhrs_3_en-gb,3,,FHRS,"{'longitude': '-2.1152032', 'latitude': '52.7998126'}","{'Hygiene': 10, 'Structural': 10, 'ConfidenceInManagement': 10}"
64 Somerset Road,Southall,,,1Yellow Butterfly Nursery,Caring Premises,5,0,,1839187,CP05476,509,foodsafety@ealing.gov.uk,Ealing,https://www.ealing.gov.uk/info/201150/food_hygiene_and_safety,False,,UB1 2TT,2026-02-17T00:00:00,fhrs_3_en-gb,3,,FHRS,"{'longitude': '-0.3711057', 'latitude': '51.522245'}","{'Hygiene': 10, 'Structural': 5, 'ConfidenceInManagement': 10}"
2 The Broadway,Brighton,,,2 Broadway Store,Retailers - other,4613,0,,1712430,2024/00205/COMM,875,ehl.food@brighton-hove.gov.uk,Brighton and Hove,http://www.brighton-hove.gov.uk/foodsafety,False,,BN2 5NF,2024-08-02T00:00:00,fhrs_3_en-gb,3,,FHRS,"{'longitude': '-0.105148', 'latitude': '50.819627'}","{'Hygiene': 10, 'Structural': 10, 'ConfidenceInManagement': 5}"
19 Regent Street,Hinckley,Leicestershire,,2 For 1 Pizza Place,Takeaway/sandwich shop,7844,0,,1914780,26/00013/COMM,212,esadmin@hinckley-bosworth.gov.uk,Hinckley and Bosworth,http://www.hinckley-bosworth.gov.uk,False,,LE10 0AZ,2026-06-30T00:00:00,fhrs_3_en-gb,3,,FHRS,"{'longitude': '-1.374256', 'latitude': '52.540952'}","{'Hygiene': 10, 'Structural': 10, 'ConfidenceInManagement': 10}"
 2 Lancaster Square,,Conwy,,2 The Square,Restaurant/Cafe/Canteen,1,0,,449766,102385,550,foodsafety-healthandsafety@conwy.gov.uk,Conwy,http://www.conwy.gov.uk,False,,LL32 8HT,2025-10-14T00:00:00,fhrs_3_cy-gb,3,,FHRS,"{'longitude': '-3.8307647', 'latitude': '53.28051'}","{'Hygiene': 10, 'Structural': 10, 'ConfidenceInManagement': 5}"
17 - 19 Bold Street,,Liverpool,,200 Degrees Coffee Shop,Restaurant/Cafe/Canteen,1,0,,1660985,90630,414,environmental.health@liverpool.gov.uk,Liverpool,http://www.liverpool.gov.uk,False,,L1 4DN,2025-02-27T00:00:00,fhrs_3_en-gb,3,,FHRS,"{'longitude': '-2.9795118', 'latitude': '53.4039125'}","{'Hygiene': 10, 'Structural': 10, 'ConfidenceInManagement': 10}"
,UNIT 21 21 SIDWORTH STREET,Hackney,London,21 Sid,Restaurant/Cafe/Canteen,1,0,,1073899,189845,512,technicalbusinesssupport@hackney.gov.uk,Hackney,https://hackney.gov.uk/environmental-health#food,False,,E8 3SD,2026-01-07T00:00:00,fhrs_3_en-gb,3,,FHRS,"{'longitude': '-0.0573518', 'latitude': '51.5393636'}","{'Hygiene': 5, 'Structural': 10, 'ConfidenceInManagement': 10}"
4 Clifftown Road,Southend-on-sea,Essex,,22 PIZZA & SHAKES,Takeaway/sandwich shop,7844,0,,1736875,24/00114/RESTUN,893,EnvironmentalHealth@southend.gov.uk,Southend-On-Sea,http://www.southend.gov.uk,False,,SS1 1AB,2025-12-15T00:00:00,fhrs_3_en-gb,3,,FHRS,"{'longitude': '0.713161', 'latitude': '51.5369262'}","{'Hygiene': 10, 'Structural': 10, 'ConfidenceInManagement': 10}"
Cremaaa,14-16 Long Wyre Street,Colchester,Essex,222 Coffee Shop,Other catering premises,7841,0,,1586516,FR/000002741,114,food.team@colchester.gov.uk,Colchester,https://www.colchester.gov.uk/,False,,CO1 1LH,2025-02-05T00:00:00,fhrs_3_en-gb,3,,FHRS,"{'longitude': '0.9023311', 'latitude': '51.8888643'}","{'Hygiene': 10, 'Structural': 10, 'ConfidenceInManagement': 10}"
,28b Bury New Road,Manchester,,234 Food Store,Retailers - other,4613,0,,1831099,AC042025-21540,415,envhealth@manchester.gov.uk,Manchester,http://www.manchester.gov.uk,False,,M8 8EL,2025-01-10T00:00:00,fhrs_3_en-gb,3,,FHRS,"{'longitude': '-2.2496938', 'latitude': '53.4934581'}","{'Hygiene': 10, 'Structural': 10, 'ConfidenceInManagement': 10}"
,24 Bath Street,Bolton,,2372 Grill Restaurant & Lounge,Restaurant/Cafe/Canteen,1,0,,1733113,162562,403,environmental.health@bolton.gov.uk,Bolton,http://www.bolton.gov.uk,False,,BL1 2DJ,2025-06-26T00:00:00,fhrs_3_en-gb,3,,FHRS,"{'longitude': '-2.4310875', 'latitude': '53.5825069'}","{'Hygiene': 10, 'Structural': 10, 'ConfidenceInManagement': 10}"
24 Clapham Road,London,,,24 The Oval,Restaurant/Cafe/Canteen,1,0,,1615612,23/00076/COMM,522,foodhealthandsafety@lambeth.gov.uk,Lambeth,http://www.lambeth.gov.uk,False,,SW9 0JG,2025-07-25T00:00:00,fhrs_3_en-gb,3,,FHRS,"{'longitude': '-0.113785', 'latitude': '51.480944'}","{'Hygiene': 10, 'Structural': 10, 'ConfidenceInManagement': 10}"
,489-491 Little Horton Lane,Bradford,,24hr Angel Store,Retailers - other,4613,0,,328389,95771,404,eh.admin@bradford.gov.uk,Bradford,http://www.bradford.gov.uk,False,,BD5 9BY,2025-08-13T00:00:00,fhrs_3_en-gb,3,,FHRS,"{'longitude': '-1.768039', 'latitude': '53.77726'}","{'Hygiene': 10, 'Structural': 10, 'ConfidenceInManagement': 10}"
42 High Street,Southall,,,27Biryani Pop,Restaurant/Cafe/Canteen,1,0,,1854341,CP05560,509,foodsafety@ealing.gov.uk,Ealing,https://www.ealing.gov.uk/info/201150/food_hygiene_and_safety,False,,UB1 3DA,2026-02-12T00:00:00,fhrs_3_en-gb,3,,FHRS,"{'longitude': '-0.37477', 'latitude': '51.510956'}","{'Hygiene': 10, 'Structural': 10, 'ConfidenceInManagement': 10}"
29 Breakfast Brunch Bar,29 London Road,East Grinstead,West Sussex,29 Breakfast Brunch Bar,Restaurant/Cafe/Canteen,1,0,,1792405,CP/25/0009,328,foodsafety@midsussex.gov.uk,Mid Sussex,http://www.midsussex.gov.uk/,False,,RH19 1AW,2025-04-10T00:00:00,fhrs_3_en-gb,3,,FHRS,"{'longitude': '-0.0083878', 'latitude': '51.1251627'}","{'Hygiene': 10, 'Structural': 10, 'ConfidenceInManagement': 10}"
,Sunderland Road,Gateshead,,2Brothers Supermarket,Retailers - supermarkets/hypermarkets,7840,0,,1267646,94427,410,EnvironmentalHealth@gateshead.gov.uk,Gateshead,http://www.gateshead.gov.uk,False,,NE8 3EX,2026-03-12T00:00:00,fhrs_3_en-gb,3,,FHRS,"{'longitude': '-1.59041404724121', 'latitude': '54.9573402404785'}","{'Hygiene': 10, 'Structural': 10, 'ConfidenceInManagement': 10}"
Areley House,Areley Lane,Stourport On Severn,Worcestershire,3 A Care (Worc) Ltd,Caring Premises,5,0,,1486924,22/00206/FOOD,153,enquiries@worcsregservices.gov.uk,Wyre Forest,https://www.worcsregservices.gov.uk,False,,DY13 0AB,2025-10-27T00:00:00,fhrs_3_en-gb,3,,FHRS,"{'longitude': '-2.286344', 'latitude': '52.335611'}","{'Hygiene': 10, 'Structural': 10, 'ConfidenceInManagement': 10}"
346 Bordesley Green East,Stechford And Yardley North,Birmingham,,3 Bros*342*,Restaurant/Cafe/Canteen,1,0,,1402694,PI/000576652,402,Admin.EH@birmingham.gov.uk,Birmingham,http://www.birmingham.gov.uk/environmental-health,False,,B33 8QB,2025-09-24T00:00:00,fhrs_3_en-gb,3,,FHRS,"{'longitude': '-1.813479', 'latitude': '52.4778614'}","{'Hygiene': 10, 'Structural': 10, 'ConfidenceInManagement': 10}"
70 Oak Road,Barton under Needwood,Burton upon Trent,,3 Chefs,Takeaway/sandwich shop,7844,0,,1261362,a787752b-fbae-ea11-916b-00215ad1c18a,288,ehsupport@eaststaffsbc.gov.uk,East Staffordshire,http://www.eaststaffsbc.gov.uk,False,,DE13 8LS,2025-06-26T00:00:00,fhrs_3_en-gb,3,,FHRS,"{'longitude': '-1.7230937', 'latitude': '52.7586986'}","{'Hygiene': 10, 'Structural': 10, 'ConfidenceInManagement': 5}"
,47 Roosevelt Avenue,Chaddesden,Derby,3 Chefs Fish Bar,Takeaway/sandwich shop,7844,0,,215682,129504,871,environmental.services@derby.gov.uk,Derby City,http://www.derby.gov.uk,False,,DE21 6JR,2025-07-15T00:00:00,fhrs_3_en-gb,3,,FHRS,"{'longitude': '-1.422783', 'latitude': '52.927818'}","{'Hygiene': 5, 'Structural': 10, 'ConfidenceInManagement': 10}"
138 Marvels Lane,Grove Park,London,,3 Kumars Supermarket,Retailers - other,4613,0,,1704533,FR/000010720,523,environmentalhealth@lewisham.gov.uk,Lewisham,http://www.lewisham.gov.uk/myservices/business/food-safety/Pages/default.aspx,False,,SE12 9PG,2026-05-02T00:00:00,fhrs_3_en-gb,3,,FHRS,"{'longitude': '0.026873', 'latitude': '51.434002'}","{'Hygiene': 5, 'Structural': 10, 'ConfidenceInManagement': 10}"
,,,,3 Oaks Orchard,Mobile caterer,7846,0,,1269268,EH:04686,270,env.health@southandvale.gov.uk,South Oxfordshire,https://www.southoxon.gov.uk,False,,RG9 ,2020-08-18T00:00:00,fhrs_3_en-gb,3,,FHRS,"{'longitude': None, 'latitude': None}","{'Hygiene': 5, 'Structural': 10, 'ConfidenceInManagement': 10}"
3 Spice Caribbean Takeaway 88 Clay Lane,,,Coventry,3 Spice Caribbean Takeaway,Takeaway/sandwich shop,7844,0,,239766,PI/000089994,407,ehcommercial@coventry.gov.uk,Coventry,http://www.coventry.gov.uk,False,,CV2 4LN,2026-04-16T00:00:00,fhrs_3_en-gb,3,,FHRS,"{'longitude': '-1.4824447', 'latitude': '52.4128433'}","{'Hygiene': 10, 'Structural': 10, 'ConfidenceInManagement': 10}"
First Floor,25 Commercial Street,Brighouse,Calderdale,3 Vesuvios,Restaurant/Cafe/Canteen,1,0,,1790037,25/00006/COMM,406,environmental.health@calderdale.gov.uk,Calderdale,http://www.calderdale.gov.uk,False,,HD6 1AF,2026-03-25T00:00:00,fhrs_3_en-gb,3,,FHRS,"{'longitude': '-1.7806323', 'latitude': '53.7021229'}","{'Hygiene': 10, 'Structural': 5, 'ConfidenceInManagement': 10}"
68 - 70 High Street,Mexborough,Doncaster,,30 Mexborough,Restaurant/Cafe/Canteen,1,0,,1958976,9103267,408,food.safety@doncaster.gov.uk,Doncaster,http://www.doncaster.gov.uk,False,,S64 9AU,2026-06-29T00:00:00,fhrs_3_en-gb,3,,FHRS,"{'longitude': '-1.2908079', 'latitude': '53.4937379'}","{'Hygiene': 10, 'Structural': 10, 'ConfidenceInManagement': 10}"
,120 Derby Road,,Loughborough,300 Spartans,Takeaway/sandwich shop,7844,0,,126004,5473,210,env.health@charnwood.gov.uk,Charnwood,http://www.charnwood.gov.uk/,False,,LE11 5HL,2026-07-07T00:00:00,fhrs_3_en-gb,3,,FHRS,"{'longitude': '-1.218642', 'latitude': '52.778008'}","{'Hygiene': 10, 'Structural': 10, 'ConfidenceInManagement': 10}"
BASEMENT AND GROUND FLOOR 5 KING STREET,COVENT GARDEN,LONDON,,% Arabica,Restaurant/Cafe/Canteen,1,0,,1177669,19/00376/COMM,533,foodsafety@westminster.gov.uk,Westminster,http://www.westminster.gov.uk/,False,,WC2E 8HN,2024-02-28T00:00:00,fhrs_4_en-gb,4,,FHRS,"{'longitude': '-0.1240205', 'latitude': '51.5117021'}","{'Hygiene': 0, 'Structural': 5, 'ConfidenceInManagement': 10}"
,BASEMENT TO GROUND FLOOR 33 BROADWAY MARKET,Hackney,London,%Arabica,Other catering premises,7841,0,,1225476,130435,512,technicalbusinesssupport@hackney.gov.uk,Hackney,https://hackney.gov.uk/environmental-health#food,False,,E8 4PH,2025-03-05T00:00:00,fhrs_4_en-gb,4,,FHRS,"{'longitude': '-0.0620509', 'latitude': '51.5365103'}","{'Hygiene': 0, 'Structural': 5, 'ConfidenceInManagement': 10}"
Ground Floor Right Thrale Hou,44-46,Southwark Street,London,'o ver pizzeria,Restaurant/Cafe/Canteen,1,0,,1096362,186249,528,food@southwark.gov.uk,Southwark,http://www.southwark.gov.uk/,False,,SE1 1UN,2025-08-26T00:00:00,fhrs_4_en-gb,4,,FHRS,"{'longitude': '-0.0946220010519028', 'latitude': '51.5049934387207'}","{'Hygiene': 5, 'Structural': 10, 'ConfidenceInManagement': 5}"
Rhyddings Street,Oswaldtwistle,Accrington,,'Oswaldtwistle Social Club',Pub/bar/nightclub,7843,0,,93304,26742,199,enquiries@hyndburnbc.gov.uk,Hyndburn,http://www.hyndburnbc.gov.uk,False,,BB5 3HH,2025-07-15T00:00:00,fhrs_4_en-gb,4,,FHRS,"{'longitude': '-2.392681', 'latitude': '53.7438'}","{'Hygiene': 10, 'Structural': 10, 'ConfidenceInManagement': 0}"
Green Gables,Longdon Hall,Rugeley,Staffordshire,'School's Out Club' @ Lichfield Cathedral School,School/college/university,7845,0,,1841484,25/02434/COMM,289,food.safety@lichfielddc.gov.uk,Lichfield,http://www.lichfielddc.gov.uk,False,,WS15 4PT,2025-06-04T00:00:00,fhrs_4_en-gb,4,,FHRS,"{'longitude': None, 'latitude': None}","{'Hygiene': 10, 'Structural': 5, 'ConfidenceInManagement': 5}"
Lowerfold Road,Great Harwood,Blackburn,,'The Elms',Caring Premises,5,0,,80212,19393,199,enquiries@hyndburnbc.gov.uk,Hyndburn,http://www.hyndburnbc.gov.uk,False,,BB6 7NS,2026-06-16T00:00:00,fhrs_4_en-gb,4,,FHRS,"{'longitude': '-2.409474', 'latitude': '53.789771'}","{'Hygiene': 0, 'Structural': 0, 'ConfidenceInManagement': 10}"
Leicester Inn,4 London Road,Coalville,Leicestershire,'The Flying Horse' Leicester Inn,Restaurant/Cafe/Canteen,1,0,,1699041,24/00026/MIXED,215,ehealth@nwleicestershire.gov.uk,North West Leicestershire,http://www.nwleics.gov.uk,False,,LE67 3JA,2025-04-16T00:00:00,fhrs_4_en-gb,4,,FHRS,"{'longitude': '-1.3685013', 'latitude': '52.7233976'}","{'Hygiene': 0, 'Structural': 10, 'ConfidenceInManagement': 5}"
Whalley Road,Clayton Le Moors,Lancashire,,'The Hyndburn Restaurant & Bar',Pub/bar/nightclub,7843,0,,805191,41570,199,enquiries@hyndburnbc.gov.uk,Hyndburn,http://www.hyndburnbc.gov.uk,False,,BB5 5SQ,2025-09-25T00:00:00,fhrs_4_en-gb,4,,FHRS,"{'longitude': '-2.384255', 'latitude': '53.785828'}","{'Hygiene': 0, 'Structural': 10, 'ConfidenceInManagement': 5}"
Cecil Gowing Infant School,Falcon Road West,Sprowston,Norfolk,(Cecil Gowing Infant School) Sunrise And Sunset Club,School/college/university,7845,0,,1797918,087660/CP,228,foodandsafety@southnorfolkandbroadland.gov.uk,Broadland,http://www.southnorfolkandbroadland.gov.uk,False,,NR7 8NZ,2025-04-30T00:00:00,fhrs_4_en-gb,4,,FHRS,"{'longitude': None, 'latitude': None}","{'Hygiene': 0, 'Structural': 0, 'ConfidenceInManagement': 10}"
Mac'n'Cheese/DutchieExpress/RotiJerkNTingz/Sh,Landmark Commercial Centre,Commercial Road,LONDON,(Kitchen 3),Other catering premises,7841,0,,1831386,PI/000197715,510,environmental.health@enfield.gov.uk,Enfield,http://www.enfield.gov.uk/,False,,N18 1UB,2025-06-30T00:00:00,fhrs_4_en-gb,4,,FHRS,"{'longitude': '-0.0742712', 'latitude': '51.6100747'}","{'Hygiene': 5, 'Structural': 5, 'ConfidenceInManagement': 10}"
The Quay,Harwich,Essex,,.T@Patricia's,Restaurant/Cafe/Canteen,1,0,,1700657,24/00050/FOOD,120,fhsadmin@tendringdc.gov.uk,Tendring,http://www.tendringdc.gov.uk/,False,,CO12 3HH,2026-04-21T00:00:00,fhrs_4_en-gb,4,,FHRS,"{'longitude': '1.286843', 'latitude': '51.947918'}","{'Hygiene': 10, 'Structural': 5, 'ConfidenceInManagement': 5}"
28 Vivian Avenue London,,,,01 Cafe Bar And Lounge,Restaurant/Cafe/Canteen,1,0,,1407317,21/00429/COMM,502,FoodSafety@barnet.gov.uk,Barnet,http://www.barnet.gov.uk/,False,,NW4 3XP,2021-09-01T00:00:00,fhrs_4_en-gb,4,,FHRS,"{'longitude': '-0.229332', 'latitude': '51.582714'}","{'Hygiene': 5, 'Structural': 5, 'ConfidenceInManagement': 10}"
,99 Heywood Road,Prestwich,Manchester,0161 Burger Ltd,Takeaway/sandwich shop,7844,0,,1470227,33333,405,Commercial@bury.gov.uk,Bury,http://www.bury.gov.uk,False,,M25 1LP,2025-02-06T00:00:00,fhrs_4_en-gb,4,,FHRS,"{'longitude': '-2.274639', 'latitude': '53.531584'}","{'Hygiene': 5, 'Structural': 10, 'ConfidenceInManagement': 5}"
88 High Street,Whitstable,,,020202022020Sabara Takeaway,Takeaway/sandwich shop,7844,0,,1102277,27882,180, ,Canterbury City,http://www.canterbury.gov.uk,False,,CT5 1AZ,2024-01-10T00:00:00,fhrs_4_en-gb,4,,FHRS,"{'longitude': '1.02459', 'latitude': '51.3580089'}","{'Hygiene': 5, 'Structural': 5, 'ConfidenceInManagement': 10}"
84 Regent Street,,Cambridge,Cambridgeshire,1 and 1 Rougamo Ltd,Restaurant/Cafe/Canteen,1,0,,1472953,9200863,027,env.health@cambridge.gov.uk,Cambridge City,http://www.cambridge.gov.uk,False,,CB2 1DP,2026-03-17T00:00:00,fhrs_4_en-gb,4,,FHRS,"{'longitude': '0.1264073', 'latitude': '52.2001866'}","{'Hygiene': 5, 'Structural': 5, 'ConfidenceInManagement': 10}"
,,,,1 Fenwick Close,Caring Premises,5,0,,653076,003390-1,429,public.health@sunderland.gov.uk,Sunderland,http://www.sunderland.gov.uk,False,,SR5 ,2022-11-21T00:00:00,fhrs_4_en-gb,4,,FHRS,"{'longitude': None, 'latitude': None}","{'Hygiene': 5, 'Structural': 10, 'ConfidenceInManagement': 5}"
1 Lombard Street,London,,,1 Lombard Street Restaurant,Restaurant/Cafe/Canteen,1,0,,294048,PI/000008080,508,publicprotection@cityoflondon.gov.uk,City of London Corporation,http://www.cityoflondon.gov.uk/Corporation/homepage.htm,False,,EC3V 9AA,2026-01-23T00:00:00,fhrs_4_en-gb,4,,FHRS,"{'longitude': '-0.089031', 'latitude': '51.512917'}","{'Hygiene': 0, 'Structural': 10, 'ConfidenceInManagement': 10}"
1 million juices,21 High Street,Lye,Stourbridge,1 MILLION JUICES,Takeaway/sandwich shop,7844,0,,1896080,FR/202500526,409,,Dudley,http://www.dudley.gov.uk,False,,DY9 8LB,2025-11-26T00:00:00,fhrs_4_en-gb,4,,FHRS,"{'longitude': None, 'latitude': None}","{'Hygiene': 5, 'Structural': 10, 'ConfidenceInManagement': 5}"
Unit 4,60 Stratford Road,Sparkbrook,Birmingham,1 million juices,Restaurant/Cafe/Canteen,1,0,,1829445,PI/000672396,402,Admin.EH@birmingham.gov.uk,Birmingham,http://www.birmingham.gov.uk/environmental-health,False,,B11 1AN,2025-07-15T00:00:00,fhrs_4_en-gb,4,,FHRS,"{'longitude': None, 'latitude': None}","{'Hygiene': 5, 'Structural': 5, 'ConfidenceInManagement': 10}"
10D Colenzo Drive,Andover,Hampshire,,1 Stop Shop,Retailers - other,4613,0,,1315061,20/00286/COMM,142,envhealth@testvalley.gov.uk,Test Valley,http://www.testvalley.gov.uk/,False,,SP10 1JS,2021-11-11T00:00:00,fhrs_4_en-gb,4,,FHRS,"{'longitude': '-1.467376', 'latitude': '51.214196'}","{'Hygiene': 5, 'Structural': 0, 'ConfidenceInManagement': 10}"
,58-59 Red Lion Street,,London,1+1 Rougamo,Restaurant/Cafe/Canteen,1,0,,1526502,201407,506,foodsafety@camden.gov.uk,Camden,http://www.camden.gov.uk,False,,WC1R 4PD,2023-02-08T00:00:00,fhrs_4_en-gb,4,,FHRS,"{'longitude': '-0.1172506', 'latitude': '51.5193004'}","{'Hygiene': 0, 'Structural': 5, 'ConfidenceInManagement': 10}"
,635 Fishponds Road,Fishponds,Bristol,10+One Store,Retailers - other,4613,0,,1933849,266247,855,food.safety@bristol.gov.uk,Bristol,http://www.bristol.gov.uk,False,,BS16 3BA,2026-02-27T00:00:00,fhrs_4_en-gb,4,,FHRS,"{'longitude': '-2.536304', 'latitude': '51.47768'}","{'Hygiene': 5, 'Structural': 5, 'ConfidenceInManagement': 10}"
,16 MARKET STREET,,Cleethorpes,100 Smash Burger,Takeaway/sandwich shop,7844,0,,1746689,MAB5X8-AZD6JF-CJ57DP,865,environmental.health@nelincs.gov.uk,North East Lincolnshire,http://www.nelincs.gov.uk,False,,DN35 8LY,2025-03-24T00:00:00,fhrs_4_en-gb,4,,FHRS,"{'longitude': '-0.0307855', 'latitude': '53.5602296'}","{'Hygiene': 5, 'Structural': 5, 'ConfidenceInManagement': 10}"
,,,,100% Hay,Manufacturers/packers,7839,0,,487759,196736,895,info@herefordshire.gov.uk,Herefordshire,http://www.herefordshire.gov.uk/,False,,HR3 ,2026-02-24T00:00:00,fhrs_4_en-gb,4,,FHRS,"{'longitude': None, 'latitude': None}","{'Hygiene': 0, 'Structural': 0, 'ConfidenceInManagement': 10}"
,,,,100% Just Juice,Retailers - other,4613,0,,337591,PI/000035241,157,environmental.health@eastherts.gov.uk,East Hertfordshire,http://www.eastherts.gov.uk,False,,CM23,2011-05-26T00:00:00,fhrs_4_en-gb,4,,FHRS,"{'longitude': None, 'latitude': None}","{'Hygiene': 10, 'Structural': 5, 'ConfidenceInManagement': 5}"
132a Stony Lane,Smethwick,,,100% News and Booze,Retailers - other,4613,0,,1157121,112333,423,ehts_enquiries@sandwell.gov.uk,Sandwell,http://www.sandwell.gov.uk/foodratings,False,,B67 7BB,2019-07-02T00:00:00,fhrs_4_en-gb,4,,FHRS,"{'longitude': '-1.9780194', 'latitude': '52.4931637'}","{'Hygiene': 0, 'Structural': 10, 'ConfidenceInManagement': 5}"
16 Frederick Street,Birmingham,,,1000 Trades,Other catering premises,7841,0,,912718,PI/000631313,402,Admin.EH@birmingham.gov.uk,Birmingham,http://www.birmingham.gov.uk/environmental-health,False,,B1 3HE,2026-04-24T00:00:00,fhrs_4_en-gb,4,,FHRS,"{'longitude': '-1.911321', 'latitude': '52.485134'}","{'Hygiene': None, 'Structural': None, 'ConfidenceInManagement': None}"
The Bay Hotel 2 Eastbourne Road,,Pevensey Bay,East Sussex,1066 Bay Ltd,Pub/bar/nightclub,7843,0,,1956802,9103742,107,envhealth@rother.gov.uk,Wealden,http://www.wealden.gov.uk,False,,BN24 6EJ,2026-07-01T00:00:00,fhrs_4_en-gb,4,,FHRS,"{'longitude': '0.3517974', 'latitude': '50.8126977'}","{'Hygiene': 5, 'Structural': 5, 'ConfidenceInManagement': 10}"
69 - 70 High Street,,Battle,East Sussex,1066 Butchers,Retailers - other,4613,0,,776777,PI/000159323,106,envhealth@rother.gov.uk,Rother,http://www.rother.gov.uk,False,,TN33 0AG,2025-03-25T00:00:00,fhrs_4_en-gb,4,,FHRS,"{'longitude': '0.4851444', 'latitude': '50.916314'}","{'Hygiene': 5, 'Structural': 10, 'ConfidenceInManagement': 5}"
12 Eastbourne Road,,Pevensey Bay,East Sussex,1066 Convenience Stores,Retailers - other,4613,0,,182474,PI/000075495,107,envhealth@rother.gov.uk,Wealden,http://www.wealden.gov.uk,False,,BN24 6ES,2025-12-19T00:00:00,fhrs_4_en-gb,4,,FHRS,"{'longitude': '0.3511911', 'latitude': '50.8123283'}","{'Hygiene': 5, 'Structural': 5, 'ConfidenceInManagement': 10}"
National Water Sports Centre,Adbolton Lane,Holme Pierrepont,Nottinghamshire,1066 Country Park Cafe,Restaurant/Cafe/Canteen,1,0,,1401772,21/00155/FOOD,266,envhealth@rushcliffe.gov.uk,Rushcliffe,http://www.rushcliffe.gov.uk/,False,,NG12 2LU,2025-04-15T00:00:00,fhrs_4_en-gb,4,,FHRS,"{'longitude': '-1.09165501594543', 'latitude': '52.945068359375'}","{'Hygiene': 10, 'Structural': 5, 'ConfidenceInManagement': 5}"
108 Cherry Hinton Road,,Cambridge,Cambridgeshire,108 cherry hinton mini market,Retailers - other,4613,0,,1888757,9214382,027,env.health@cambridge.gov.uk,Cambridge City,http://www.cambridge.gov.uk,False,,CB1 7AJ,2024-12-17T00:00:00,fhrs_4_en-gb,4,,FHRS,"{'longitude': '0.1417569', 'latitude': '52.1882912'}","{'Hygiene': 5, 'Structural': 10, 'ConfidenceInManagement': 0}"
109 Heaton Park Road,,Newcastle Upon Tyne,,109 General Store,Retailers - other,4613,0,,1731833,73265,416,psr@newcastle.gov.uk,Newcastle Upon Tyne,http://www.newcastle.gov.uk/,False,,NE6 5NR,2025-01-16T00:00:00,fhrs_4_en-gb,4,,FHRS,"{'longitude': '-1.5863594', 'latitude': '54.9796466'}","{'Hygiene': 5, 'Structural': 5, 'ConfidenceInManagement': 10}"
Golf Club,Station Road,Kirby Muxloe,Leicestershire,"10TH Hut, Kirby Muxloe Golf Club",Other catering premises,7841,0,,1202048,45871,209,environmental.health@blaby.gov.uk,Blaby,http://www.blaby.gov.uk,False,,LE9 2EP,2026-03-14T00:00:00,fhrs_4_en-gb,4,,FHRS,"{'longitude': '-1.2334937', 'latitude': '52.6282176'}","{'Hygiene': 5, 'Structural': 10, 'ConfidenceInManagement': 5}"
F27 Lowry Designer Outlet,The Quays,Salford,,11 Central,Restaurant/Cafe/Canteen,1,0,,1679131,181556,422,environmentalhealth@salford.gov.uk,Salford,http://www.salford.gov.uk/envhealth.htm,False,,M50 3AH,2025-09-11T00:00:00,fhrs_4_en-gb,4,,FHRS,"{'longitude': None, 'latitude': None}","{'Hygiene': 5, 'Structural': 5, 'ConfidenceInManagement': 10}"
11 Queens Parade,Hanger Lane,Ealing,,11 Coffee & Co,Restaurant/Cafe/Canteen,1,0,,1204692,CP01991,509,foodsafety@ealing.gov.uk,Ealing,https://www.ealing.gov.uk/info/201150/food_hygiene_and_safety,False,,W5 3HU,2025-11-06T00:00:00,fhrs_4_en-gb,4,,FHRS,"{'longitude': '-0.29072', 'latitude': '51.516865'}","{'Hygiene': 10, 'Structural': 5, 'ConfidenceInManagement': 5}"
,122 Lowergate,Clitheroe,Lancashire,115 Guy's,Takeaway/sandwich shop,7844,0,,1561823,50689,203,environmentalhealth@ribblevalley.gov.uk,Ribble Valley,http://www.ribblevalley.gov.uk,False,,BB7 1AG,2023-06-08T00:00:00,fhrs_4_en-gb,4,,FHRS,"{'longitude': '-2.3918073', 'latitude': '53.8703145'}","{'Hygiene': 5, 'Structural': 0, 'ConfidenceInManagement': 10}"
,116 Roberts Street,,Grimsby,116 Roberts Street Convenience Store,Retailers - other,4613,0,,1971973,PYBSEK-SMMMT1-AN8YLC,865,environmental.health@nelincs.gov.uk,North East Lincolnshire,http://www.nelincs.gov.uk,False,,DN32 8AY,2026-06-03T00:00:00,fhrs_4_en-gb,4,,FHRS,"{'longitude': '-0.05997137', 'latitude': '53.56303778'}","{'Hygiene': 0, 'Structural': 10, 'ConfidenceInManagement': 10}"
Cardigan Castle Bridge Street,,Cardigan,Ceredigion,1176,Restaurant/Cafe/Canteen,1,0,,1900214,799638,557,CLIC@ceredigion.gov.uk,Ceredigion,http://www.ceredigion.gov.uk/,False,,SA43 1JA,2025-12-20T00:00:00,fhrs_4_cy-gb,4,,FHRS,"{'longitude': '-4.6602476', 'latitude': '52.0820205'}","{'Hygiene': 10, 'Structural': 5, 'ConfidenceInManagement': 5}"
,42-44 High Street,Westbury On Trym,Bristol,11Eleven,Retailers - other,4613,0,,1742280,262408,855,food.safety@bristol.gov.uk,Bristol,http://www.bristol.gov.uk,False,,BS9 3DZ,2025-07-16T00:00:00,fhrs_4_en-gb,4,,FHRS,"{'longitude': None, 'latitude': None}","{'Hygiene': 5, 'Structural': 10, 'ConfidenceInManagement': 5}"
,38 Coldharbour Road,Westbury Park,Bristol,11Eleven,Retailers - other,4613,0,,1435601,257589,855,food.safety@bristol.gov.uk,Bristol,http://www.bristol.gov.uk,False,,BS6 7NA,2025-06-16T00:00:00,fhrs_4_en-gb,4,,FHRS,"{'longitude': '-2.610409', 'latitude': '51.474944'}","{'Hygiene': 5, 'Structural': 5, 'ConfidenceInManagement': 10}"
,127-129 Queen Ann Road,St Philips,Bristol,11Eleven,Retailers - other,4613,0,,1693156,261454,855,food.safety@bristol.gov.uk,Bristol,http://www.bristol.gov.uk,False,,BS5 9TJ,2024-01-09T00:00:00,fhrs_4_en-gb,4,,FHRS,"{'longitude': '-2.564785', 'latitude': '51.454366'}","{'Hygiene': 0, 'Structural': 5, 'ConfidenceInManagement': 10}"
,69-71 Leinster Avenue,Knowle,Bristol,11Eleven,Retailers - supermarkets/hypermarkets,7840,0,,1742274,262396,855,food.safety@bristol.gov.uk,Bristol,http://www.bristol.gov.uk,False,,BS4 1NL,2024-07-30T00:00:00,fhrs_4_en-gb,4,,FHRS,"{'longitude': '-2.592532', 'latitude': '51.425402'}","{'Hygiene': 10, 'Structural': 5, 'ConfidenceInManagement': 0}"
,3 Straits Parade,Fishponds,Bristol,11Eleven,Retailers - other,4613,0,,1208351,253482,855,food.safety@bristol.gov.uk,Bristol,http://www.bristol.gov.uk,False,,BS16 2LA,2025-01-16T00:00:00,fhrs_4_en-gb,4,,FHRS,"{'longitude': '-2.526461', 'latitude': '51.48196'}","{'Hygiene': 10, 'Structural': 5, 'ConfidenceInManagement': 5}"
,313 Bolton Road,Bury,,1207 Kitchen,Takeaway/sandwich shop,7844,0,,1668858,34175,405,Commercial@bury.gov.uk,Bury,http://www.bury.gov.uk,False,,BL8 2PD,2026-05-18T00:00:00,fhrs_4_en-gb,4,,FHRS,"{'longitude': '-2.319049', 'latitude': '53.588744'}","{'Hygiene': None, 'Structural': None, 'ConfidenceInManagement': None}"
,43 Mansfield Road,,Nottingham,1212 Afro-Caribbean Food Products & Snacks,Retailers - other,4613,0,,957516,76598,899,food.enforcement@nottinghamcity.gov.uk,Nottingham City,http://www.nottinghamcity.gov.uk/foodsafety,False,,NG1 3FB,2026-01-20T00:00:00,fhrs_4_en-gb,4,,FHRS,"{'longitude': '-1.149437', 'latitude': '52.958205'}","{'Hygiene': 5, 'Structural': 10, 'ConfidenceInManagement': 5}"
,21 Stephen Street,,,123 V Bakery,Restaurant/Cafe/Canteen,1,0,,1705838,203951,506,foodsafety@camden.gov.uk,Camden,http://www.camden.gov.uk,False,,W1T 1LN,2025-10-20T00:00:00,fhrs_4_en-gb,4,,FHRS,"{'longitude': '-0.133016', 'latitude': '51.517842'}","{'Hygiene': 5, 'Structural': 5, 'ConfidenceInManagement': 10}"
39 BROOK STREET,WEST END,LONDON,,123 Vegan,Restaurant/Cafe/Canteen,1,0,,1732196,FM8Y1Z-SDL3RV-2M1NR8,533,foodsafety@westminster.gov.uk,Westminster,http://www.westminster.gov.uk/,False,,W1K 4JE,2026-02-28T00:00:00,fhrs_4_en-gb,4,,FHRS,"{'longitude': '-0.1465035', 'latitude': '51.5127519'}","{'Hygiene': 5, 'Structural': 5, 'ConfidenceInManagement': 10}"
,,,,125 Ca Phe,Mobile caterer,7846,0,,1844888,44392,056,commercial@westmorlandandfurness.gov.uk,Westmorland and Furness,https://www.westmorlandandfurness.gov.uk/,False,,LA12,2025-11-21T00:00:00,fhrs_4_en-gb,4,,FHRS,"{'longitude': None, 'latitude': None}","{'Hygiene': 0, 'Structural': 10, 'ConfidenceInManagement': 5}"
,16 Garrick Walk,North Twelfth Street,Central Milton Keynes,12th Street Burgers,Restaurant/Cafe/Canteen,1,0,,1293318,91816,870,ehfst@milton-keynes.gov.uk,Milton Keynes,http://www.milton-keynes.gov.uk,False,,MK9 3PT,2026-01-06T00:00:00,fhrs_4_en-gb,4,,FHRS,"{'longitude': '-0.7546224', 'latitude': '52.0467885'}","{'Hygiene': 5, 'Structural': 10, 'ConfidenceInManagement': 5}"
HM Young Offenders Institution,York Road,Wetherby,,"""CRUSTODY""",Restaurant/Cafe/Canteen,1,0,,1877875,25/00852/COMM,413,food.safety@leeds.gov.uk,Leeds,http://www.leeds.gov.uk/,False,,LS22 5ED,2026-03-26T00:00:00,fhrs_5_en-gb,5,,FHRS,"{'longitude': None, 'latitude': None}","{'Hygiene': 0, 'Structural': 0, 'ConfidenceInManagement': 5}"
,,,,"""Kerala Kitchen Flavours"" by Christ King Catering",Other catering premises,7841,0,,1948166,606634,803,ehealth@armaghbanbridgecraigavon.gov.uk,"Armagh City, Banbridge and Craigavon",http://www.armaghbanbridgecraigavon.gov.uk/,False,,BT63,2026-07-28T00:00:00,fhrs_5_en-gb,5,,FHRS,"{'longitude': None, 'latitude': None}","{'Hygiene': 0, 'Structural': 0, 'ConfidenceInManagement': 5}"
Daybrook Baptist Church,Mansfield Road,Daybrook,Nottinghamshire,"""Kettle's On!""",Other catering premises,7841,0,,1583687,3605,262,foodhealthhousinghandover@gedling.gov.uk,Gedling,http://www.gedling.gov.uk/,False,,NG5 6AA,2025-09-24T00:00:00,fhrs_5_en-gb,5,,FHRS,"{'longitude': '-1.137595', 'latitude': '52.995975'}","{'Hygiene': 0, 'Structural': 0, 'ConfidenceInManagement': 0}"
,Baytree Avenue,Chadderton,Oldham,"""Mills Hill Infant School"",",School/college/university,7845,0,,1016978,63918,418,FHRS@oldham.gov.uk,Oldham,https://www.oldham.gov.uk,False,,OL9 0NH,2025-07-01T00:00:00,fhrs_5_en-gb,5,,FHRS,"{'longitude': '-2.163638', 'latitude': '53.548452'}","{'Hygiene': 0, 'Structural': 0, 'ConfidenceInManagement': 0}"
Park Lane Primary School,Park Lane,,Nuneaton,"""Park Lane Primary School""",School/college/university,7845,0,,362160,45206,318,envhealth@nuneatonandbedworth.gov.uk,Nuneaton and Bedworth,http://www.nuneatonandbedworth.gov.uk,False,,CV10 8LU,2025-09-09T00:00:00,fhrs_5_en-gb,5,,FHRS,"{'longitude': None, 'latitude': None}","{'Hygiene': 0, 'Structural': 5, 'ConfidenceInManagement': 0}"
 5 St Marys Road,Smethwick,,,"""Playhouse Nursery"" Private Day Nursery",Caring Premises,5,0,,122188,5076,423,ehts_enquiries@sandwell.gov.uk,Sandwell,http://www.sandwell.gov.uk/foodratings,False,,B67 5DG,2026-01-20T00:00:00,fhrs_5_en-gb,5,,FHRS,"{'longitude': '-1.9701664', 'latitude': '52.475191'}","{'Hygiene': 5, 'Structural': 5, 'ConfidenceInManagement': 0}"
Dunedin House,Columbia Drive,,Thornaby,"""Riverview Cafe"" Stockton Borough Council Catering & Building Services",Restaurant/Cafe/Canteen,1,0,,1750671,115408,862,environmental.health@stockton.gov.uk,Stockton On Tees,http://www.stockton.gov.uk,False,,TS17 6BJ,2026-08-12T00:00:00,fhrs_5_en-gb,5,,FHRS,"{'longitude': '-1.3089165', 'latitude': '54.5634314'}","{'Hygiene': 5, 'Structural': 0, 'ConfidenceInManagement': 0}"
,,,,"""Sweet Clouds"" Candy Floss",Mobile caterer,7846,0,,1951920,9104327,105,ehealth.ldc@lewes-eastbourne.gov.uk,Lewes,http://www.lewes-eastbourne.gov.uk/,False,,BN7 ,2024-11-25T00:00:00,fhrs_5_en-gb,5,,FHRS,"{'longitude': None, 'latitude': None}","{'Hygiene': 0, 'Structural': 0, 'ConfidenceInManagement': 5}"
,,,,"""Vavel Torte"" Bakery",Other catering premises,7841,0,,1830932,9213845,030,food@huntingdonshire.gov.uk,Huntingdonshire,http://www.huntingdonshire.gov.uk,False,,PE29,2025-06-23T00:00:00,fhrs_5_en-gb,5,,FHRS,"{'longitude': None, 'latitude': None}","{'Hygiene': 0, 'Structural': 0, 'ConfidenceInManagement': 0}"
8 THE CENTRAL PRECINCT WINCHESTER ROAD CHANDLER'S FORD EASTLEIGH SO53 2GB,,,,#1 Fish Bar,Takeaway/sandwich shop,7844,0,,1931827,06160,133,eh@eastleigh.gov.uk,Eastleigh,http://www.eastleigh.gov.uk/,False,,SO53 2GB,2026-05-15T00:00:00,fhrs_5_en-gb,5,,FHRS,"{'longitude': '-1.3828696', 'latitude': '50.9826054'}","{'Hygiene': 0, 'Structural': 5, 'ConfidenceInManagement': 5}"
Ysgol Maes Y Gwendraeth,Heol Y Parc,Cefneithin,Llanelli,#10,Mobile caterer,7846,0,,1688617,97215,558,PublicProtection@carmarthenshire.gov.uk,Carmarthenshire,http://www.carmarthenshire.gov.uk,False,,SA14 7DT,2026-01-21T00:00:00,fhrs_5_cy-gb,5,,FHRS,"{'longitude': None, 'latitude': None}","{'Hygiene': 0, 'Structural': 5, 'ConfidenceInManagement': 5}"
257 Dickson Road,Blackpool,,,#Buttylicious,Restaurant/Cafe/Canteen,1,0,,1343953,3713346,898,foodcontrol@blackpool.gov.uk,Blackpool,http://www.blackpool.gov.uk/Services/A-F/FoodHygiene/,False,,FY1 2JH,2025-05-01T00:00:00,fhrs_5_en-gb,5,,FHRS,"{'longitude': '-3.052831', 'latitude': '53.829845'}","{'Hygiene': 0, 'Structural': 5, 'ConfidenceInManagement': 0}"
South Essex College Thurrock Campus,New Road,Grays,Essex,#Chill And Waves,Restaurant/Cafe/Canteen,1,0,,842969,15/00226/CP,894,foodsafety@thurrock.gov.uk,Thurrock,http://www.thurrock.gov.uk/food,False,,RM17 6TF,2025-03-26T00:00:00,fhrs_5_en-gb,5,,FHRS,"{'longitude': '0.323336988687515', 'latitude': '51.4749298095703'}","{'Hygiene': 0, 'Structural': 5, 'ConfidenceInManagement': 0}"
,,,,#Food,Mobile caterer,7846,0,,1194035,19/00027/MOBILE,063,enquiries@bolsover.gov.uk,Bolsover,http://www.bolsover.gov.uk/,False,,NG16,2025-09-16T00:00:00,fhrs_5_en-gb,5,,FHRS,"{'longitude': None, 'latitude': None}","{'Hygiene': 5, 'Structural': 5, 'ConfidenceInManagement': 5}"
4 Burlington Centre St Annes Road West,,Lytham St Annes,Lancashire,#Nofilter Coffeehouse,Restaurant/Cafe/Canteen,1,0,,1067762,8863,198,commercial@fylde.gov.uk,Fylde,https://new.fylde.gov.uk/business/food-safety/,False,,FY8 1SB,2024-10-22T00:00:00,fhrs_5_en-gb,5,,FHRS,"{'longitude': '-3.0302638', 'latitude': '53.7524148'}","{'Hygiene': 0, 'Structural': 5, 'ConfidenceInManagement': 0}"
Radford Road,Flyford Flavell,Worcestershire,,#nom,Restaurant/Cafe/Canteen,1,0,,1526313,22/00464/FOOD,152,enquiries@worcsregservices.gov.uk,Wychavon,https://www.worcsregservices.gov.uk,False,,WR7 4BS,2025-03-12T00:00:00,fhrs_5_en-gb,5,,FHRS,"{'longitude': '-2.030967', 'latitude': '52.193045'}","{'Hygiene': 5, 'Structural': 5, 'ConfidenceInManagement': 5}"
,,,,#Propig,Mobile caterer,7846,0,,977909,160780,401,food@barnsley.gov.uk,Barnsley,http://www.barnsley.gov.uk,False,,S36 ,2025-04-30T00:00:00,fhrs_5_en-gb,5,,FHRS,"{'longitude': None, 'latitude': None}","{'Hygiene': 0, 'Structural': 0, 'ConfidenceInManagement': 5}"
,RAILWAY ARCH 214 PONSFORD STREET,Hackney,London,% Arabica,Manufacturers/packers,7839,0,,1220366,191074,512,technicalbusinesssupport@hackney.gov.uk,Hackney,https://hackney.gov.uk/environmental-health#food,False,,E9 6JU,2025-04-02T00:00:00,fhrs_5_en-gb,5,,FHRS,"{'longitude': '-0.0484102', 'latitude': '51.5472208'}","{'Hygiene': 0, 'Structural': 0, 'ConfidenceInManagement': 0}"
Unit 035 Turbine Hall Battersea Power Station Circus Road South,,London,Wandsworth,% Arabica,Restaurant/Cafe/Canteen,1,0,,1782317,PI/000489700,532,foodandsafety@merton.gov.uk,Wandsworth,http://www.wandsworth.gov.uk,False,,SW11 8BU,2025-01-22T00:00:00,fhrs_5_en-gb,5,,FHRS,"{'longitude': '-0.145443', 'latitude': '51.4815083'}","{'Hygiene': 5, 'Structural': 0, 'ConfidenceInManagement': 5}"
Unit 2,Market Street,London,,% Arabica,Restaurant/Cafe/Canteen,1,0,,1662592,212666,530,foodsafety@towerhamlets.gov.uk,Tower Hamlets,http://www.towerhamlets.gov.uk,False,,E1 6AJ,2023-11-17T00:00:00,fhrs_5_en-gb,5,,FHRS,"{'longitude': '0.0561403', 'latitude': '51.5305336'}","{'Hygiene': 0, 'Structural': 0, 'ConfidenceInManagement': 5}"
,10-12 Gloucester Road,Bishopston,Bristol,& Cafe,Restaurant/Cafe/Canteen,1,0,,1833561,264288,855,food.safety@bristol.gov.uk,Bristol,http://www.bristol.gov.uk,False,,BS7 8AE,2026-02-19T00:00:00,fhrs_5_en-gb,5,,FHRS,"{'longitude': '-2.593214', 'latitude': '51.471336'}","{'Hygiene': 0, 'Structural': 5, 'ConfidenceInManagement': 0}"
57 Church Road,,Barnes,Richmond Upon Thames,& Feast,Restaurant/Cafe/Canteen,1,0,,1574552,PI/000433871,527,foodandsafety@merton.gov.uk,Richmond-Upon-Thames,http://www.richmond.gov.uk,False,,SW13 9HH,2025-05-08T00:00:00,fhrs_5_en-gb,5,,FHRS,"{'longitude': '-0.2442564', 'latitude': '51.4742385'}","{'Hygiene': 0, 'Structural': 0, 'ConfidenceInManagement': 0}"
,1 Dale Street,Menai Bridge,Isle Of Anglesey,&Caws,Retailers - other,4613,0,,1406229,79468,551,iechydyramgylchedd@ynysmon.gov.uk,Anglesey,http://www.ynysmon.gov.uk,False,,LL59 5AL,2025-09-05T00:00:00,fhrs_5_cy-gb,5,,FHRS,"{'longitude': '-4.163968', 'latitude': '53.225846'}","{'Hygiene': 5, 'Structural': 5, 'ConfidenceInManagement': 0}"
,,,,&Kaffein,Mobile caterer,7846,0,,1848171,2790,313,fsa_enforcement@tandridge.gov.uk,Tandridge,http://www.tandridge.gov.uk/,False,,CR3 ,2026-02-02T00:00:00,fhrs_5_en-gb,5,,FHRS,"{'longitude': None, 'latitude': None}","{'Hygiene': 0, 'Structural': 0, 'ConfidenceInManagement': 0}"
,,,,&Sweet,Other catering premises,7841,0,,1655263,23/00497/FOOD,525,food@newham.gov.uk,Newham,https://www.newham.gov.uk,False,,E16 ,2023-10-30T00:00:00,fhrs_5_en-gb,5,,FHRS,"{'longitude': None, 'latitude': None}","{'Hygiene': 0, 'Structural': 5, 'ConfidenceInManagement': 0}"
The Old Sheep Dip Town Foot Bridge To The Green,,,Kettlewell,&then Tasting Deli,Retailers - other,4613,0,,1886619,Cx11340,250,regsupport@northyorks.gov.uk,North Yorkshire,https://www.northyorks.gov.uk/,False,,BD23 5RB,2024-10-03T00:00:00,fhrs_5_en-gb,5,,FHRS,"{'longitude': None, 'latitude': None}","{'Hygiene': 0, 'Structural': 0, 'ConfidenceInManagement': 0}"
,,,,'Bo Drinks,Manufacturers/packers,7839,0,,1735483,C/24/00086/COM,125,ers@Publicagroup.uk,Cotswold,http://www.cotswold.gov.uk,False,,GL7 ,2025-02-12T00:00:00,fhrs_5_en-gb,5,,FHRS,"{'longitude': None, 'latitude': None}","{'Hygiene': 0, 'Structural': 0, 'ConfidenceInManagement': 5}"
,,,,'Brownies & Other Stories,Other catering premises,7841,0,,1798416,136759,701,ehadmin@bedford.gov.uk,Bedford,http://www.bedford.gov.uk,False,,MK40,2025-07-23T00:00:00,fhrs_5_en-gb,5,,FHRS,"{'longitude': None, 'latitude': None}","{'Hygiene': 0, 'Structural': 0, 'ConfidenceInManagement': 5}"
,455 Roman Road,London,,'Ello Bagel,Restaurant/Cafe/Canteen,1,0,,1792351,214208,530,foodsafety@towerhamlets.gov.uk,Tower Hamlets,http://www.towerhamlets.gov.uk,False,,E3 5LX,2025-04-15T00:00:00,fhrs_5_en-gb,5,,FHRS,"{'longitude': '-0.0348822', 'latitude': '51.5321303'}","{'Hygiene': 5, 'Structural': 0, 'ConfidenceInManagement': 0}"
Unit A5,Broxbourne Business Centre,Fairways,Cheshunt,'Juicy B's',Retailers - other,4613,0,,1467178,FR/000001421,155,envhealth@broxbourne.gov.uk,Broxbourne,http://www.broxbourne.gov.uk,False,,EN8 0NL,2023-07-28T00:00:00,fhrs_5_en-gb,5,,FHRS,"{'longitude': '-0.036005', 'latitude': '51.718769'}","{'Hygiene': 5, 'Structural': 5, 'ConfidenceInManagement': 0}"
The Willows,,Dinas Dinlle,Gwynedd,'Not Only Spaghetti',Restaurant/Cafe/Canteen,1,0,,1707394,772080,554,BwydaIechydaDiogelwch@gwynedd.llyw.cymru,Gwynedd,http://www.gwynedd.llyw.cymru,False,,LL54 5TW,2025-10-16T00:00:00,fhrs_5_cy-gb,5,,FHRS,"{'longitude': '-4.3361759185791', 'latitude': '53.0867767333984'}","{'Hygiene': 0, 'Structural': 0, 'ConfidenceInManagement': 5}"
Pebbles Hwb Wern Road,Llanddulas,Abergele,Conwy,'Pebbles Hwb',Restaurant/Cafe/Canteen,1,0,,1944170,9103466,550,foodsafety-healthandsafety@conwy.gov.uk,Conwy,http://www.conwy.gov.uk,False,,LL22 8HG,2026-06-15T00:00:00,fhrs_5_cy-gb,5,,FHRS,"{'longitude': None, 'latitude': None}","{'Hygiene': 0, 'Structural': 0, 'ConfidenceInManagement': 0}"
Cafe And Premises 82 Battle Road,,St Leonards-on-sea,East Sussex,'R' Jac's,Restaurant/Cafe/Canteen,1,0,,741573,PI/000072355,103,fhrs@hastings.gov.uk,Hastings,http://www.hastings.gov.uk,False,,TN37 7AG,2025-03-27T00:00:00,fhrs_5_en-gb,5,,FHRS,"{'longitude': '0.5536191', 'latitude': '50.8736896'}","{'Hygiene': 0, 'Structural': 5, 'ConfidenceInManagement': 0}"
Blickling Hall,Blickling Road,Blickling,Norfolk,'Stables' And 'Muddy Boots'At National Trust Blickling Hall,Restaurant/Cafe/Canteen,1,0,,1606471,C054ABLICK/1,228,foodandsafety@southnorfolkandbroadland.gov.uk,Broadland,http://www.southnorfolkandbroadland.gov.uk,False,,NR11 6NF,2025-07-17T00:00:00,fhrs_5_en-gb,5,,FHRS,"{'longitude': '1.2315976', 'latitude': '52.8117781'}","{'Hygiene': 0, 'Structural': 5, 'ConfidenceInManagement': 0}"
1 Church Street,Accrington,,,'The Commercial Hotel',Pub/bar/nightclub,7843,0,,111621,40972,199,enquiries@hyndburnbc.gov.uk,Hyndburn,http://www.hyndburnbc.gov.uk,False,,BB5 2EN,2024-12-09T00:00:00,fhrs_5_en-gb,5,,FHRS,"{'longitude': '-2.364444', 'latitude': '53.752023'}","{'Hygiene': 5, 'Structural': 0, 'ConfidenceInManagement': 5}"
,,,,'WishingWellCo./Real Good Food to Go’,Other catering premises,7841,0,,1810774,83620,109,ehs@basildon.gov.uk,Basildon,http://www.basildon.gov.uk,False,,SS12,2025-05-01T00:00:00,fhrs_5_en-gb,5,,FHRS,"{'longitude': None, 'latitude': None}","{'Hygiene': 0, 'Structural': 0, 'ConfidenceInManagement': 0}"
Meadow Lane,Holbeck,Leeds,,(Asda) Leeds Bridge Service Station,Retailers - other,4613,0,,553196,12/01766/COMM,413,food.safety@leeds.gov.uk,Leeds,http://www.leeds.gov.uk/,False,,LS11 5BJ,2013-05-31T00:00:00,fhrs_5_en-gb,5,,FHRS,"{'longitude': '-1.542391', 'latitude': '53.791703'}","{'Hygiene': 0, 'Structural': 0, 'ConfidenceInManagement': 0}"
The Fidlers Rest,Craggs Road,Bolsover,Chesterfield,(Beverley J Noon T/A) Fidlers Rest,Pub/bar/nightclub,7843,0,,21557,07/00037/COMM,063,enquiries@bolsover.gov.uk,Bolsover,http://www.bolsover.gov.uk/,False,,S44 6BQ,2021-06-29T00:00:00,fhrs_5_en-gb,5,,FHRS,"{'longitude': '-1.2949955', 'latitude': '53.2323216'}","{'Hygiene': 0, 'Structural': 0, 'ConfidenceInManagement': 0}"
6 East Street,Braintree,Essex,,(BOMB At) The Rib Shack,Restaurant/Cafe/Canteen,1,0,,1721689,24/00089/MIXED,110,food&safety@braintree.gov.uk,Braintree,http://www.braintree.gov.uk,False,,CM7 3JJ,2026-04-29T00:00:00,fhrs_5_en-gb,5,,FHRS,"{'longitude': '0.5629602', 'latitude': '51.8776555'}","{'Hygiene': 5, 'Structural': 5, 'ConfidenceInManagement': 5}"
,,,,(CLOSED 08/06/26)COMPUTERXPLORERS STOKE-ON-TRENT AND CHESHIRE EAST,Retailers - other,4613,0,,1706349,84479,290,foodandsafety@newcastle-staffs.gov.uk,Newcastle-Under-Lyme,http://www.newcastle-staffs.gov.uk/,False,,ST5 ,2026-06-04T00:00:00,fhrs_5_en-gb,5,,FHRS,"{'longitude': None, 'latitude': None}","{'Hygiene': 0, 'Structural': 0, 'ConfidenceInManagement': 0}"
(David Jackson) Pitch 44,Street Record,Chapel Market,London,"(David Jackson), Pitch 44",Retailers - other,4613,0,,417256,PI/000141595,519,Commercial.Envh@islington.gov.uk,Islington,http://www.islington.gov.uk,False,,N1 9ER,2019-04-18T00:00:00,fhrs_5_en-gb,5,,FHRS,"{'longitude': None, 'latitude': None}","{'Hygiene': 0, 'Structural': 0, 'ConfidenceInManagement': 0}"
344 Wakefield Road,Denby Dale,Huddersfield,,(Denby Dale Community Library) Community Cafe,Restaurant/Cafe/Canteen,1,0,,1914420,PI/000316669,411,food.safety@kirklees.gov.uk,Kirklees,http://www.kirklees.gov.uk/,False,,HD8 8RX,2026-03-23T00:00:00,fhrs_5_en-gb,5,,FHRS,"{'longitude': '-1.65338488', 'latitude': '53.57368509'}","{'Hygiene': 5, 'Structural': 5, 'ConfidenceInManagement': 5}"
,,,,(FOOD FACTORY) burgers and fries,Mobile caterer,7846,0,,1821817,AC092024-17970,415,envhealth@manchester.gov.uk,Manchester,http://www.manchester.gov.uk,False,,M8 8,2024-10-02T00:00:00,fhrs_5_en-gb,5,,FHRS,"{'longitude': None, 'latitude': None}","{'Hygiene': 0, 'Structural': 0, 'ConfidenceInManagement': 0}"
Roadchef,Tibshelf Services M1 Northbound,Newtonwood Lane,Tibshelf,(Fresh Food Cafe) Roadchef (M1 Northbound),Restaurant/Cafe/Canteen,1,0,,28015,08480/2000/4/0N2,063,enquiries@bolsover.gov.uk,Bolsover,http://www.bolsover.gov.uk/,False,,DE55 5TX,2025-09-09T00:00:00,fhrs_5_en-gb,5,,FHRS,"{'longitude': '-1.34009897708893', 'latitude': '53.1303939819336'}","{'Hygiene': 5, 'Structural': 5, 'ConfidenceInManagement': 0}"
Roadchef,Tibshelf Services M1 Southbound,Newtonwood Lane,Tibshelf,(Fresh Food Cafe) Roadchef (M1 Southbound),Restaurant/Cafe/Canteen,1,0,,28019,08480/2000/4/0S2,063,enquiries@bolsover.gov.uk,Bolsover,http://www.bolsover.gov.uk/,False,,DE55 5TZ,2025-09-09T00:00:00,fhrs_5_en-gb,5,,FHRS,"{'longitude': '-1.332834', 'latitude': '53.1361693'}","{'Hygiene': 5, 'Structural': 5, 'ConfidenceInManagement': 0}"
,,,,(ki:ts),Retailers - other,4613,0,,1916465,LKNM9H-V40BYF-WAVKXY,533,foodsafety@westminster.gov.uk,Westminster,http://www.westminster.gov.uk/,False,,W1U ,2026-03-04T00:00:00,fhrs_5_en-gb,5,,FHRS,"{'longitude': None, 'latitude': None}","{'Hygiene': 0, 'Structural': 0, 'ConfidenceInManagement': 0}"
Kitchen 2,Unit B,AMC House,Woodside End,(Kitchen 2),Takeaway/sandwich shop,7844,0,,1700018,25827,504,ens.foodsafety@brent.gov.uk,Brent,http://www.brent.gov.uk/,False,,HA0 1UR,2024-02-12T00:00:00,fhrs_5_en-gb,5,,FHRS,"{'longitude': '-0.2937534', 'latitude': '51.5392745'}","{'Hygiene': 0, 'Structural': 5, 'ConfidenceInManagement': 5}"
Unit 9 And 10 Block C Parkfield Industrial Estate Culvert Place,,London,Wandsworth,(T/A) Maroush,Takeaway/sandwich shop,7844,0,,1967264,9102884,532,foodandsafety@merton.gov.uk,Wandsworth,http://www.wandsworth.gov.uk,False,,SW11 5BA,2026-08-04T00:00:00,fhrs_5_en-gb,5,,FHRS,"{'longitude': '-0.1539321', 'latitude': '51.4711993'}","{'Hygiene': 0, 'Structural': 5, 'ConfidenceInManagement': 0}"
Queens Gate School,131-133 Queen's Gate,LONDON,,(Thomas Frank Limited) Queens Gate School,School/college/university,7845,0,,1596746,INSPF/23/319589,520,food.hygiene@rbkc.gov.uk,Kensington and Chelsea,http://www.rbkc.gov.uk,False,,SW7 5LF,2025-06-04T00:00:00,fhrs_5_en-gb,5,,FHRS,"{'longitude': '-0.178374', 'latitude': '51.494743'}","{'Hygiene': 5, 'Structural': 5, 'ConfidenceInManagement': 0}"
,,,,(UN) Covered Events,Other catering premises,7841,0,,1545091,137016,222,EHTeam@n-kesteven.gov.uk,North Kesteven,http://www.n-kesteven.gov.uk,False,,NG32,2022-10-04T00:00:00,fhrs_5_en-gb,5,,FHRS,"{'longitude': None, 'latitude': None}","{'Hygiene': 0, 'Structural': 0, 'ConfidenceInManagement': 0}"
